Order_ID,Order_Date,Customer_ID,Product,Category,Region,Customer_Type,Quantity,Unit_Price,Discount,Sales,Profit,Salesperson
ORD0001,2025-06-10,CUST109,Laptop Pro 14,Electronics,Central,Consumer,6,85000,0.1,459000.0,40800.0,Rohan
ORD0002,2025-12-23,CUST184,Mechanical Keyboard,Electronics,West,Small Business,1,5500,0.05,5225.0,715.0,Rohan
ORD0003,2025-06-14,CUST126,Notebook Set,Office Supplies,South,Consumer,1,450,0.15,382.5,76.5,Anaya
ORD0004,2025-10-28,CUST137,Monitor 27-inch,Electronics,East,Corporate,5,24000,0.05,114000.0,15600.0,Diya
ORD0005,2025-01-24,CUST215,Laptop Pro 14,Electronics,Central,Consumer,4,85000,0.15,289000.0,10200.0,Meera
ORD0006,2025-05-10,CUST017,Wireless Headphones,Electronics,Central,Corporate,6,4500,0.1,24300.0,2160.0,Anaya
ORD0007,2025-03-13,CUST091,Premium Pen Set,Office Supplies,East,Corporate,6,700,0.1,3780.0,924.0,Aarav
ORD0008,2025-09-07,CUST231,Notebook Set,Office Supplies,West,Corporate,2,450,0.1,810.0,198.0,Anaya
ORD0009,2025-05-16,CUST020,Standing Desk,Furniture,East,Small Business,3,22000,0.15,56100.0,6600.0,Diya
ORD0010,2025-06-23,CUST083,Standing Desk,Furniture,South,Corporate,1,22000,0.1,19800.0,3300.0,Rohan
ORD0011,2025-10-31,CUST158,USB-C Hub,Electronics,West,Consumer,4,3200,0.0,12800.0,2304.0,Diya
ORD0012,2025-10-21,CUST211,Monitor 27-inch,Electronics,South,Small Business,6,24000,0.05,136800.0,18720.0,Diya
ORD0013,2025-02-21,CUST209,Mechanical Keyboard,Electronics,North,Small Business,5,5500,0.1,24750.0,2200.0,Aarav
ORD0014,2025-08-31,CUST118,Monitor 27-inch,Electronics,West,Consumer,6,24000,0.1,129600.0,11520.0,Rohan
ORD0015,2025-07-27,CUST010,Notebook Set,Office Supplies,North,Consumer,4,450,0.05,1710.0,486.0,Aarav
ORD0016,2025-06-21,CUST214,Standing Desk,Furniture,East,Consumer,5,22000,0.1,99000.0,16500.0,Rohan
ORD0017,2025-07-22,CUST023,Notebook Set,Office Supplies,East,Small Business,5,450,0.05,2137.5,607.5,Diya
ORD0018,2025-06-09,CUST246,Premium Pen Set,Office Supplies,South,Consumer,1,700,0.02,686.0,210.0,Kabir
ORD0019,2025-03-27,CUST206,USB-C Hub,Electronics,North,Small Business,6,3200,0.0,19200.0,3456.0,Diya
ORD0020,2025-08-30,CUST032,USB-C Hub,Electronics,East,Corporate,3,3200,0.05,9120.0,1248.0,Rohan
ORD0021,2025-05-29,CUST105,USB-C Hub,Electronics,Central,Consumer,5,3200,0.05,15200.0,2080.0,Diya
ORD0022,2025-02-02,CUST193,Office Chair,Furniture,West,Small Business,1,12000,0.0,12000.0,3000.0,Kabir
ORD0023,2025-07-02,CUST235,Monitor 27-inch,Electronics,North,Corporate,2,24000,0.15,40800.0,1440.0,Rohan
ORD0024,2025-05-20,CUST060,Standing Desk,Furniture,South,Small Business,4,22000,0.0,88000.0,22000.0,Meera
ORD0025,2025-02-01,CUST086,Premium Pen Set,Office Supplies,North,Corporate,3,700,0.15,1785.0,357.0,Anaya
ORD0026,2025-09-13,CUST115,Office Chair,Furniture,South,Small Business,7,12000,0.05,79800.0,16800.0,Anaya
ORD0027,2025-09-19,CUST198,Mechanical Keyboard,Electronics,East,Small Business,6,5500,0.02,32340.0,5280.0,Diya
ORD0028,2025-11-26,CUST032,Laptop Pro 14,Electronics,East,Small Business,1,85000,0.05,80750.0,11050.0,Diya
ORD0029,2025-07-31,CUST137,Monitor 27-inch,Electronics,North,Corporate,3,24000,0.15,61200.0,2160.0,Anaya
ORD0030,2025-09-20,CUST166,Laptop Pro 14,Electronics,East,Consumer,6,85000,0.05,484500.0,66300.0,Meera
ORD0031,2025-08-26,CUST158,Wireless Headphones,Electronics,North,Small Business,5,4500,0.0,22500.0,4050.0,Kabir
ORD0032,2025-06-30,CUST048,Monitor 27-inch,Electronics,South,Corporate,1,24000,0.0,24000.0,4320.0,Aarav
ORD0033,2025-08-03,CUST199,Premium Pen Set,Office Supplies,North,Consumer,1,700,0.0,700.0,224.0,Anaya
ORD0034,2025-05-07,CUST154,USB-C Hub,Electronics,East,Consumer,5,3200,0.05,15200.0,2080.0,Aarav
ORD0035,2025-06-26,CUST117,Wireless Headphones,Electronics,West,Consumer,7,4500,0.05,29925.0,4095.0,Aarav
ORD0036,2025-06-29,CUST111,Mechanical Keyboard,Electronics,Central,Consumer,4,5500,0.1,19800.0,1760.0,Meera
ORD0037,2025-04-08,CUST239,Notebook Set,Office Supplies,South,Corporate,4,450,0.15,1530.0,306.0,Meera
ORD0038,2025-01-08,CUST091,Desk Lamp,Furniture,Central,Consumer,4,2500,0.02,9800.0,2300.0,Anaya
ORD0039,2025-07-22,CUST079,Notebook Set,Office Supplies,North,Corporate,1,450,0.02,441.0,135.0,Rohan
ORD0040,2025-08-29,CUST183,Wireless Headphones,Electronics,West,Small Business,2,4500,0.02,8820.0,1440.0,Rohan
ORD0041,2025-12-01,CUST244,Office Chair,Furniture,South,Consumer,1,12000,0.1,10800.0,1800.0,Aarav
ORD0042,2025-05-16,CUST078,Wireless Headphones,Electronics,Central,Corporate,4,4500,0.05,17100.0,2340.0,Rohan
ORD0043,2025-12-14,CUST159,USB-C Hub,Electronics,South,Corporate,3,3200,0.02,9408.0,1536.0,Meera
ORD0044,2025-12-08,CUST046,USB-C Hub,Electronics,North,Corporate,2,3200,0.15,5440.0,192.0,Aarav
ORD0045,2025-12-29,CUST038,Mechanical Keyboard,Electronics,Central,Consumer,4,5500,0.15,18700.0,660.0,Rohan
ORD0046,2025-11-23,CUST029,Desk Lamp,Furniture,East,Corporate,7,2500,0.02,17150.0,4025.0,Diya
ORD0047,2025-08-30,CUST103,Laptop Pro 14,Electronics,South,Small Business,6,85000,0.02,499800.0,81600.0,Aarav
ORD0048,2025-04-06,CUST002,Monitor 27-inch,Electronics,Central,Small Business,6,24000,0.02,141120.0,23040.0,Diya
ORD0049,2025-10-31,CUST223,Laptop Pro 14,Electronics,North,Small Business,1,85000,0.0,85000.0,15300.0,Diya
ORD0050,2025-11-16,CUST012,Office Chair,Furniture,North,Consumer,5,12000,0.1,54000.0,9000.0,Diya
ORD0051,2025-12-21,CUST125,USB-C Hub,Electronics,East,Corporate,6,3200,0.02,18816.0,3072.0,Aarav
ORD0052,2025-03-25,CUST070,USB-C Hub,Electronics,North,Consumer,1,3200,0.0,3200.0,576.0,Rohan
ORD0053,2025-07-04,CUST232,USB-C Hub,Electronics,West,Small Business,1,3200,0.02,3136.0,512.0,Meera
ORD0054,2025-10-21,CUST007,Standing Desk,Furniture,West,Consumer,2,22000,0.15,37400.0,4400.0,Rohan
ORD0055,2025-02-15,CUST142,Desk Lamp,Furniture,Central,Consumer,1,2500,0.05,2375.0,500.0,Kabir
ORD0056,2025-06-28,CUST128,USB-C Hub,Electronics,West,Consumer,3,3200,0.0,9600.0,1728.0,Anaya
ORD0057,2025-12-04,CUST125,Notebook Set,Office Supplies,North,Corporate,3,450,0.15,1147.5,229.5,Meera
ORD0058,2025-02-08,CUST181,Wireless Headphones,Electronics,North,Small Business,5,4500,0.15,19125.0,675.0,Kabir
ORD0059,2025-08-06,CUST046,Laptop Pro 14,Electronics,Central,Small Business,7,85000,0.0,595000.0,107100.0,Rohan
ORD0060,2025-10-14,CUST212,Standing Desk,Furniture,North,Corporate,4,22000,0.1,79200.0,13200.0,Aarav
ORD0061,2025-10-18,CUST116,Mechanical Keyboard,Electronics,South,Corporate,6,5500,0.02,32340.0,5280.0,Meera
ORD0062,2025-11-13,CUST189,Monitor 27-inch,Electronics,West,Consumer,5,24000,0.15,102000.0,3600.0,Kabir
ORD0063,2025-06-05,CUST029,Wireless Headphones,Electronics,West,Small Business,3,4500,0.15,11475.0,405.0,Anaya
ORD0064,2025-04-01,CUST068,Mechanical Keyboard,Electronics,South,Small Business,4,5500,0.05,20900.0,2860.0,Rohan
ORD0065,2025-02-08,CUST221,Desk Lamp,Furniture,North,Corporate,6,2500,0.15,12750.0,1500.0,Meera
ORD0066,2025-10-29,CUST080,Office Chair,Furniture,South,Small Business,2,12000,0.0,24000.0,6000.0,Aarav
ORD0067,2025-03-02,CUST039,USB-C Hub,Electronics,South,Corporate,7,3200,0.05,21280.0,2912.0,Aarav
ORD0068,2025-01-08,CUST178,Standing Desk,Furniture,North,Consumer,1,22000,0.05,20900.0,4400.0,Diya
ORD0069,2025-08-04,CUST129,Desk Lamp,Furniture,West,Small Business,1,2500,0.05,2375.0,500.0,Kabir
ORD0070,2025-07-04,CUST185,Desk Lamp,Furniture,Central,Small Business,3,2500,0.15,6375.0,750.0,Anaya
ORD0071,2025-03-08,CUST223,Notebook Set,Office Supplies,South,Consumer,1,450,0.05,427.5,121.5,Diya
ORD0072,2025-06-01,CUST071,Premium Pen Set,Office Supplies,North,Consumer,4,700,0.15,2380.0,476.0,Kabir
ORD0073,2025-02-07,CUST024,USB-C Hub,Electronics,Central,Consumer,4,3200,0.15,10880.0,384.0,Aarav
ORD0074,2025-02-06,CUST210,Standing Desk,Furniture,Central,Small Business,7,22000,0.1,138600.0,23100.0,Anaya
ORD0075,2025-10-20,CUST145,Mechanical Keyboard,Electronics,West,Corporate,7,5500,0.02,37730.0,6160.0,Meera
ORD0076,2025-02-19,CUST207,Premium Pen Set,Office Supplies,East,Consumer,6,700,0.1,3780.0,924.0,Meera
ORD0077,2025-06-18,CUST197,USB-C Hub,Electronics,South,Small Business,7,3200,0.15,19040.0,672.0,Meera
ORD0078,2025-02-21,CUST109,Mechanical Keyboard,Electronics,East,Consumer,2,5500,0.0,11000.0,1980.0,Kabir
ORD0079,2025-05-15,CUST127,Premium Pen Set,Office Supplies,South,Small Business,2,700,0.02,1372.0,420.0,Diya
ORD0080,2025-09-08,CUST059,Standing Desk,Furniture,South,Small Business,3,22000,0.0,66000.0,16500.0,Anaya
ORD0081,2025-06-25,CUST193,Premium Pen Set,Office Supplies,South,Corporate,7,700,0.15,4165.0,833.0,Meera
ORD0082,2025-08-27,CUST051,USB-C Hub,Electronics,Central,Corporate,6,3200,0.05,18240.0,2496.0,Meera
ORD0083,2025-04-16,CUST045,Monitor 27-inch,Electronics,West,Consumer,5,24000,0.0,120000.0,21600.0,Diya
ORD0084,2025-11-11,CUST230,Notebook Set,Office Supplies,North,Small Business,5,450,0.05,2137.5,607.5,Meera
ORD0085,2025-09-22,CUST146,Premium Pen Set,Office Supplies,North,Corporate,1,700,0.1,630.0,154.0,Anaya
ORD0086,2025-12-16,CUST043,Monitor 27-inch,Electronics,Central,Corporate,1,24000,0.15,20400.0,720.0,Meera
ORD0087,2025-10-18,CUST233,Standing Desk,Furniture,Central,Consumer,6,22000,0.15,112200.0,13200.0,Diya
ORD0088,2025-02-04,CUST131,Monitor 27-inch,Electronics,West,Consumer,5,24000,0.0,120000.0,21600.0,Diya
ORD0089,2025-07-28,CUST119,Wireless Headphones,Electronics,East,Small Business,4,4500,0.0,18000.0,3240.0,Meera
ORD0090,2025-10-19,CUST130,Monitor 27-inch,Electronics,East,Consumer,6,24000,0.15,122400.0,4320.0,Meera
ORD0091,2025-02-13,CUST197,Wireless Headphones,Electronics,North,Small Business,7,4500,0.15,26775.0,945.0,Aarav
ORD0092,2025-06-02,CUST231,Standing Desk,Furniture,West,Consumer,5,22000,0.1,99000.0,16500.0,Rohan
ORD0093,2025-11-24,CUST205,Monitor 27-inch,Electronics,West,Corporate,3,24000,0.1,64800.0,5760.0,Diya
ORD0094,2025-04-25,CUST079,Monitor 27-inch,Electronics,North,Small Business,3,24000,0.05,68400.0,9360.0,Aarav
ORD0095,2025-06-09,CUST185,Laptop Pro 14,Electronics,South,Consumer,7,85000,0.05,565250.0,77350.0,Rohan
ORD0096,2025-12-08,CUST091,Wireless Headphones,Electronics,West,Corporate,4,4500,0.15,15300.0,540.0,Kabir
ORD0097,2025-12-27,CUST002,Wireless Headphones,Electronics,West,Small Business,3,4500,0.1,12150.0,1080.0,Anaya
ORD0098,2025-11-07,CUST220,Standing Desk,Furniture,West,Consumer,1,22000,0.02,21560.0,5060.0,Aarav
ORD0099,2025-09-08,CUST137,Standing Desk,Furniture,North,Consumer,5,22000,0.0,110000.0,27500.0,Kabir
ORD0100,2025-04-18,CUST243,Monitor 27-inch,Electronics,East,Consumer,6,24000,0.05,136800.0,18720.0,Kabir
ORD0101,2025-12-02,CUST185,Laptop Pro 14,Electronics,West,Corporate,3,85000,0.05,242250.0,33150.0,Aarav
ORD0102,2025-11-17,CUST172,Office Chair,Furniture,South,Small Business,7,12000,0.0,84000.0,21000.0,Anaya
ORD0103,2025-12-31,CUST006,Laptop Pro 14,Electronics,West,Consumer,1,85000,0.1,76500.0,6800.0,Meera
ORD0104,2025-11-24,CUST216,Premium Pen Set,Office Supplies,North,Consumer,1,700,0.1,630.0,154.0,Diya
ORD0105,2025-10-11,CUST203,Standing Desk,Furniture,North,Consumer,2,22000,0.15,37400.0,4400.0,Anaya
ORD0106,2025-01-14,CUST002,Mechanical Keyboard,Electronics,North,Consumer,5,5500,0.15,23375.0,825.0,Aarav
ORD0107,2025-10-20,CUST241,Desk Lamp,Furniture,South,Consumer,5,2500,0.15,10625.0,1250.0,Anaya
ORD0108,2025-10-20,CUST243,Mechanical Keyboard,Electronics,Central,Consumer,1,5500,0.1,4950.0,440.0,Rohan
ORD0109,2025-11-02,CUST112,Desk Lamp,Furniture,North,Corporate,5,2500,0.15,10625.0,1250.0,Diya
ORD0110,2025-07-04,CUST135,Wireless Headphones,Electronics,West,Corporate,1,4500,0.1,4050.0,360.0,Meera
ORD0111,2025-02-26,CUST204,Laptop Pro 14,Electronics,West,Consumer,6,85000,0.05,484500.0,66300.0,Diya
ORD0112,2025-09-17,CUST131,Laptop Pro 14,Electronics,Central,Small Business,2,85000,0.0,170000.0,30600.0,Meera
ORD0113,2025-08-13,CUST002,Notebook Set,Office Supplies,North,Consumer,1,450,0.0,450.0,144.0,Anaya
ORD0114,2025-03-05,CUST093,Standing Desk,Furniture,North,Small Business,5,22000,0.05,104500.0,22000.0,Diya
ORD0115,2025-06-17,CUST136,Office Chair,Furniture,West,Consumer,7,12000,0.05,79800.0,16800.0,Meera
ORD0116,2025-02-22,CUST063,Desk Lamp,Furniture,Central,Corporate,5,2500,0.05,11875.0,2500.0,Diya
ORD0117,2025-09-13,CUST065,Standing Desk,Furniture,West,Corporate,5,22000,0.05,104500.0,22000.0,Anaya
ORD0118,2025-07-05,CUST173,Wireless Headphones,Electronics,East,Small Business,2,4500,0.05,8550.0,1170.0,Kabir
ORD0119,2025-02-18,CUST237,Wireless Headphones,Electronics,South,Consumer,1,4500,0.15,3825.0,135.0,Diya
ORD0120,2025-08-12,CUST101,Premium Pen Set,Office Supplies,West,Small Business,3,700,0.1,1890.0,462.0,Kabir
ORD0121,2025-03-21,CUST238,Wireless Headphones,Electronics,East,Corporate,3,4500,0.15,11475.0,405.0,Diya
ORD0122,2025-06-02,CUST120,USB-C Hub,Electronics,East,Consumer,1,3200,0.02,3136.0,512.0,Diya
ORD0123,2025-07-26,CUST148,Laptop Pro 14,Electronics,West,Corporate,5,85000,0.02,416500.0,68000.0,Meera
ORD0124,2025-04-26,CUST062,Notebook Set,Office Supplies,West,Corporate,5,450,0.1,2025.0,495.0,Meera
ORD0125,2025-08-17,CUST132,Wireless Headphones,Electronics,South,Small Business,4,4500,0.05,17100.0,2340.0,Meera
ORD0126,2025-11-20,CUST033,Desk Lamp,Furniture,Central,Small Business,6,2500,0.05,14250.0,3000.0,Meera
ORD0127,2025-10-19,CUST062,Monitor 27-inch,Electronics,South,Corporate,4,24000,0.02,94080.0,15360.0,Anaya
ORD0128,2025-02-12,CUST014,Office Chair,Furniture,North,Small Business,4,12000,0.0,48000.0,12000.0,Anaya
ORD0129,2025-04-13,CUST142,Desk Lamp,Furniture,South,Corporate,1,2500,0.0,2500.0,625.0,Diya
ORD0130,2025-09-29,CUST226,Monitor 27-inch,Electronics,North,Corporate,3,24000,0.0,72000.0,12960.0,Rohan
ORD0131,2025-05-16,CUST178,Monitor 27-inch,Electronics,North,Consumer,6,24000,0.05,136800.0,18720.0,Meera
ORD0132,2025-05-14,CUST126,Premium Pen Set,Office Supplies,Central,Consumer,1,700,0.05,665.0,189.0,Anaya
ORD0133,2025-04-24,CUST193,Standing Desk,Furniture,West,Consumer,6,22000,0.05,125400.0,26400.0,Rohan
ORD0134,2025-08-22,CUST084,Monitor 27-inch,Electronics,North,Small Business,3,24000,0.15,61200.0,2160.0,Diya
ORD0135,2025-03-01,CUST178,Monitor 27-inch,Electronics,North,Corporate,4,24000,0.05,91200.0,12480.0,Anaya
ORD0136,2025-07-22,CUST051,USB-C Hub,Electronics,Central,Small Business,7,3200,0.15,19040.0,672.0,Anaya
ORD0137,2025-06-13,CUST211,Premium Pen Set,Office Supplies,South,Consumer,1,700,0.05,665.0,189.0,Aarav
ORD0138,2025-06-08,CUST120,Desk Lamp,Furniture,East,Small Business,6,2500,0.0,15000.0,3750.0,Aarav
ORD0139,2025-11-28,CUST236,Office Chair,Furniture,North,Corporate,2,12000,0.02,23520.0,5520.0,Diya
ORD0140,2025-06-28,CUST249,Wireless Headphones,Electronics,East,Small Business,3,4500,0.0,13500.0,2430.0,Kabir
ORD0141,2025-03-30,CUST211,Laptop Pro 14,Electronics,Central,Small Business,1,85000,0.02,83300.0,13600.0,Meera
ORD0142,2025-09-02,CUST199,Notebook Set,Office Supplies,West,Corporate,5,450,0.05,2137.5,607.5,Aarav
ORD0143,2025-07-16,CUST221,Monitor 27-inch,Electronics,South,Small Business,3,24000,0.1,64800.0,5760.0,Anaya
ORD0144,2025-10-08,CUST173,Office Chair,Furniture,Central,Corporate,4,12000,0.05,45600.0,9600.0,Meera
ORD0145,2025-08-03,CUST031,Standing Desk,Furniture,Central,Corporate,7,22000,0.02,150920.0,35420.0,Kabir
ORD0146,2025-07-13,CUST130,Notebook Set,Office Supplies,North,Consumer,4,450,0.15,1530.0,306.0,Kabir
ORD0147,2025-08-19,CUST098,USB-C Hub,Electronics,North,Consumer,7,3200,0.1,20160.0,1792.0,Kabir
ORD0148,2025-01-10,CUST152,Office Chair,Furniture,Central,Small Business,2,12000,0.02,23520.0,5520.0,Kabir
ORD0149,2025-08-07,CUST142,Standing Desk,Furniture,North,Corporate,3,22000,0.0,66000.0,16500.0,Diya
ORD0150,2025-08-20,CUST179,Wireless Headphones,Electronics,Central,Small Business,5,4500,0.05,21375.0,2925.0,Meera
ORD0151,2025-10-05,CUST163,Desk Lamp,Furniture,Central,Corporate,4,2500,0.15,8500.0,1000.0,Rohan
ORD0152,2025-10-13,CUST116,Mechanical Keyboard,Electronics,Central,Consumer,7,5500,0.1,34650.0,3080.0,Aarav
ORD0153,2025-06-10,CUST163,Notebook Set,Office Supplies,East,Small Business,6,450,0.15,2295.0,459.0,Meera
ORD0154,2025-12-26,CUST039,Standing Desk,Furniture,South,Small Business,7,22000,0.0,154000.0,38500.0,Rohan
ORD0155,2025-05-07,CUST002,USB-C Hub,Electronics,North,Consumer,6,3200,0.1,17280.0,1536.0,Aarav
ORD0156,2025-06-28,CUST219,Notebook Set,Office Supplies,Central,Small Business,6,450,0.15,2295.0,459.0,Kabir
ORD0157,2025-05-31,CUST019,Office Chair,Furniture,West,Corporate,7,12000,0.02,82320.0,19320.0,Aarav
ORD0158,2025-10-20,CUST067,Mechanical Keyboard,Electronics,Central,Corporate,4,5500,0.05,20900.0,2860.0,Rohan
ORD0159,2025-05-17,CUST239,Mechanical Keyboard,Electronics,North,Corporate,1,5500,0.0,5500.0,990.0,Aarav
ORD0160,2025-09-18,CUST165,USB-C Hub,Electronics,West,Consumer,5,3200,0.1,14400.0,1280.0,Anaya
ORD0161,2025-10-20,CUST096,Monitor 27-inch,Electronics,North,Small Business,6,24000,0.02,141120.0,23040.0,Diya
ORD0162,2025-11-10,CUST111,Wireless Headphones,Electronics,North,Small Business,5,4500,0.02,22050.0,3600.0,Meera
ORD0163,2025-01-11,CUST190,Mechanical Keyboard,Electronics,East,Small Business,5,5500,0.05,26125.0,3575.0,Anaya
ORD0164,2025-03-28,CUST104,Premium Pen Set,Office Supplies,Central,Corporate,5,700,0.02,3430.0,1050.0,Kabir
ORD0165,2025-04-20,CUST178,Monitor 27-inch,Electronics,East,Corporate,6,24000,0.15,122400.0,4320.0,Kabir
ORD0166,2025-11-20,CUST217,Wireless Headphones,Electronics,North,Small Business,2,4500,0.05,8550.0,1170.0,Aarav
ORD0167,2025-09-19,CUST107,Premium Pen Set,Office Supplies,Central,Corporate,3,700,0.05,1995.0,567.0,Anaya
ORD0168,2025-05-29,CUST134,Premium Pen Set,Office Supplies,North,Consumer,3,700,0.1,1890.0,462.0,Meera
ORD0169,2025-09-13,CUST184,Wireless Headphones,Electronics,East,Consumer,7,4500,0.15,26775.0,945.0,Kabir
ORD0170,2025-07-01,CUST087,Standing Desk,Furniture,North,Consumer,7,22000,0.02,150920.0,35420.0,Kabir
ORD0171,2025-03-15,CUST139,Laptop Pro 14,Electronics,North,Consumer,1,85000,0.02,83300.0,13600.0,Kabir
ORD0172,2025-05-06,CUST113,USB-C Hub,Electronics,East,Small Business,5,3200,0.15,13600.0,480.0,Anaya
ORD0173,2025-07-17,CUST246,USB-C Hub,Electronics,South,Corporate,6,3200,0.05,18240.0,2496.0,Anaya
ORD0174,2025-04-29,CUST223,Office Chair,Furniture,Central,Consumer,2,12000,0.05,22800.0,4800.0,Meera
ORD0175,2025-08-04,CUST155,USB-C Hub,Electronics,West,Consumer,6,3200,0.02,18816.0,3072.0,Diya
ORD0176,2025-04-28,CUST045,Desk Lamp,Furniture,North,Corporate,2,2500,0.02,4900.0,1150.0,Anaya
ORD0177,2025-07-24,CUST063,Laptop Pro 14,Electronics,West,Corporate,2,85000,0.0,170000.0,30600.0,Rohan
ORD0178,2025-06-23,CUST238,Premium Pen Set,Office Supplies,Central,Corporate,4,700,0.15,2380.0,476.0,Rohan
ORD0179,2025-11-26,CUST067,Mechanical Keyboard,Electronics,West,Corporate,6,5500,0.1,29700.0,2640.0,Diya
ORD0180,2025-02-07,CUST107,Wireless Headphones,Electronics,West,Consumer,4,4500,0.02,17640.0,2880.0,Anaya
ORD0181,2025-06-08,CUST035,Monitor 27-inch,Electronics,North,Small Business,4,24000,0.15,81600.0,2880.0,Anaya
ORD0182,2025-01-15,CUST013,Monitor 27-inch,Electronics,South,Corporate,1,24000,0.02,23520.0,3840.0,Aarav
ORD0183,2025-07-08,CUST198,USB-C Hub,Electronics,South,Consumer,4,3200,0.02,12544.0,2048.0,Aarav
ORD0184,2025-05-21,CUST195,Desk Lamp,Furniture,North,Small Business,1,2500,0.1,2250.0,375.0,Rohan
ORD0185,2025-04-21,CUST123,Standing Desk,Furniture,South,Consumer,2,22000,0.15,37400.0,4400.0,Kabir
ORD0186,2025-02-10,CUST104,Wireless Headphones,Electronics,Central,Consumer,1,4500,0.02,4410.0,720.0,Aarav
ORD0187,2025-06-28,CUST008,Wireless Headphones,Electronics,South,Corporate,4,4500,0.02,17640.0,2880.0,Kabir
ORD0188,2025-11-04,CUST133,Notebook Set,Office Supplies,South,Consumer,6,450,0.05,2565.0,729.0,Diya
ORD0189,2025-06-25,CUST216,Notebook Set,Office Supplies,West,Corporate,2,450,0.15,765.0,153.0,Diya
ORD0190,2025-12-06,CUST121,Monitor 27-inch,Electronics,North,Corporate,3,24000,0.02,70560.0,11520.0,Kabir
ORD0191,2025-02-24,CUST151,Desk Lamp,Furniture,North,Consumer,5,2500,0.0,12500.0,3125.0,Aarav
ORD0192,2025-01-04,CUST234,Laptop Pro 14,Electronics,North,Small Business,7,85000,0.0,595000.0,107100.0,Aarav
ORD0193,2025-08-15,CUST119,Wireless Headphones,Electronics,South,Consumer,1,4500,0.1,4050.0,360.0,Meera
ORD0194,2025-11-07,CUST124,Mechanical Keyboard,Electronics,North,Consumer,5,5500,0.1,24750.0,2200.0,Anaya
ORD0195,2025-03-01,CUST225,Notebook Set,Office Supplies,West,Small Business,5,450,0.05,2137.5,607.5,Anaya
ORD0196,2025-12-02,CUST140,Mechanical Keyboard,Electronics,East,Small Business,2,5500,0.02,10780.0,1760.0,Meera
ORD0197,2025-05-12,CUST184,USB-C Hub,Electronics,Central,Consumer,7,3200,0.0,22400.0,4032.0,Diya
ORD0198,2025-08-08,CUST075,Notebook Set,Office Supplies,South,Corporate,6,450,0.0,2700.0,864.0,Kabir
ORD0199,2025-01-29,CUST216,Premium Pen Set,Office Supplies,North,Small Business,3,700,0.15,1785.0,357.0,Kabir
ORD0200,2025-03-02,CUST165,Office Chair,Furniture,West,Small Business,1,12000,0.1,10800.0,1800.0,Rohan
ORD0201,2025-04-26,CUST032,Office Chair,Furniture,Central,Consumer,6,12000,0.15,61200.0,7200.0,Meera
ORD0202,2025-02-22,CUST168,Mechanical Keyboard,Electronics,West,Consumer,1,5500,0.1,4950.0,440.0,Diya
ORD0203,2025-12-28,CUST067,Monitor 27-inch,Electronics,North,Small Business,4,24000,0.0,96000.0,17280.0,Aarav
ORD0204,2025-08-02,CUST098,Notebook Set,Office Supplies,North,Corporate,7,450,0.05,2992.5,850.5,Anaya
ORD0205,2025-07-15,CUST042,Laptop Pro 14,Electronics,West,Consumer,7,85000,0.05,565250.0,77350.0,Diya
ORD0206,2025-08-06,CUST034,Monitor 27-inch,Electronics,South,Corporate,1,24000,0.05,22800.0,3120.0,Meera
ORD0207,2025-01-07,CUST013,USB-C Hub,Electronics,East,Consumer,6,3200,0.0,19200.0,3456.0,Diya
ORD0208,2025-04-03,CUST155,Desk Lamp,Furniture,West,Consumer,7,2500,0.15,14875.0,1750.0,Meera
ORD0209,2025-09-05,CUST134,Notebook Set,Office Supplies,West,Small Business,3,450,0.1,1215.0,297.0,Meera
ORD0210,2025-12-25,CUST038,Mechanical Keyboard,Electronics,East,Small Business,6,5500,0.1,29700.0,2640.0,Meera
ORD0211,2025-10-18,CUST090,USB-C Hub,Electronics,East,Corporate,1,3200,0.0,3200.0,576.0,Kabir
ORD0212,2025-11-21,CUST165,USB-C Hub,Electronics,South,Consumer,1,3200,0.1,2880.0,256.0,Rohan
ORD0213,2025-12-17,CUST067,Standing Desk,Furniture,North,Small Business,2,22000,0.02,43120.0,10120.0,Diya
ORD0214,2025-11-30,CUST061,USB-C Hub,Electronics,South,Corporate,7,3200,0.15,19040.0,672.0,Kabir
ORD0215,2025-11-17,CUST162,Desk Lamp,Furniture,South,Corporate,6,2500,0.1,13500.0,2250.0,Meera
ORD0216,2025-09-24,CUST134,Laptop Pro 14,Electronics,West,Small Business,6,85000,0.1,459000.0,40800.0,Meera
ORD0217,2025-11-26,CUST175,Standing Desk,Furniture,Central,Small Business,1,22000,0.1,19800.0,3300.0,Rohan
ORD0218,2025-03-16,CUST108,Notebook Set,Office Supplies,West,Corporate,1,450,0.0,450.0,144.0,Aarav
ORD0219,2025-05-18,CUST202,Mechanical Keyboard,Electronics,West,Small Business,7,5500,0.15,32725.0,1155.0,Anaya
ORD0220,2025-04-27,CUST088,Premium Pen Set,Office Supplies,West,Corporate,3,700,0.1,1890.0,462.0,Meera
ORD0221,2025-08-08,CUST144,Office Chair,Furniture,Central,Corporate,3,12000,0.0,36000.0,9000.0,Kabir
ORD0222,2025-05-18,CUST091,Laptop Pro 14,Electronics,South,Small Business,2,85000,0.02,166600.0,27200.0,Aarav
ORD0223,2025-09-07,CUST012,Office Chair,Furniture,South,Consumer,2,12000,0.02,23520.0,5520.0,Anaya
ORD0224,2025-02-06,CUST119,Monitor 27-inch,Electronics,West,Corporate,2,24000,0.0,48000.0,8640.0,Anaya
ORD0225,2025-03-15,CUST244,Office Chair,Furniture,North,Corporate,2,12000,0.05,22800.0,4800.0,Meera
ORD0226,2025-04-05,CUST032,Laptop Pro 14,Electronics,North,Consumer,4,85000,0.05,323000.0,44200.0,Kabir
ORD0227,2025-08-27,CUST169,Laptop Pro 14,Electronics,East,Small Business,7,85000,0.02,583100.0,95200.0,Aarav
ORD0228,2025-04-18,CUST079,Mechanical Keyboard,Electronics,West,Consumer,2,5500,0.0,11000.0,1980.0,Anaya
ORD0229,2025-12-26,CUST154,Monitor 27-inch,Electronics,Central,Corporate,7,24000,0.0,168000.0,30240.0,Anaya
ORD0230,2025-02-20,CUST236,Notebook Set,Office Supplies,South,Consumer,1,450,0.05,427.5,121.5,Meera
ORD0231,2025-11-05,CUST186,Standing Desk,Furniture,West,Corporate,1,22000,0.15,18700.0,2200.0,Meera
ORD0232,2025-04-03,CUST114,Notebook Set,Office Supplies,North,Consumer,2,450,0.0,900.0,288.0,Anaya
ORD0233,2025-09-26,CUST185,Office Chair,Furniture,South,Small Business,5,12000,0.05,57000.0,12000.0,Kabir
ORD0234,2025-10-05,CUST008,Desk Lamp,Furniture,West,Consumer,3,2500,0.0,7500.0,1875.0,Diya
ORD0235,2025-02-14,CUST059,Premium Pen Set,Office Supplies,Central,Small Business,7,700,0.05,4655.0,1323.0,Aarav
ORD0236,2025-11-05,CUST155,Office Chair,Furniture,North,Corporate,2,12000,0.0,24000.0,6000.0,Kabir
ORD0237,2025-03-31,CUST220,Laptop Pro 14,Electronics,West,Consumer,4,85000,0.0,340000.0,61200.0,Anaya
ORD0238,2025-05-04,CUST134,Notebook Set,Office Supplies,East,Small Business,7,450,0.1,2835.0,693.0,Diya
ORD0239,2025-02-28,CUST010,Office Chair,Furniture,Central,Consumer,2,12000,0.02,23520.0,5520.0,Anaya
ORD0240,2025-07-08,CUST071,Laptop Pro 14,Electronics,East,Corporate,6,85000,0.02,499800.0,81600.0,Meera
ORD0241,2025-06-08,CUST091,Office Chair,Furniture,North,,4,12000,0.15,40800.0,4800.0,Aarav
ORD0242,2025-06-25,CUST209,Wireless Headphones,Electronics,Central,Consumer,7,4500,0.0,31500.0,5670.0,Aarav
ORD0243,2025-03-17,CUST042,Office Chair,Furniture,South,Small Business,4,12000,0.15,40800.0,4800.0,Aarav
ORD0244,2025-12-01,CUST001,Office Chair,Furniture,South,Small Business,1,12000,0.0,12000.0,3000.0,Meera
ORD0245,2025-05-27,CUST133,Laptop Pro 14,Electronics,East,Corporate,4,85000,0.15,289000.0,10200.0,Diya
ORD0246,2025-10-26,CUST205,Desk Lamp,Furniture,West,Corporate,7,2500,0.0,17500.0,4375.0,Kabir
ORD0247,2025-12-03,CUST171,Desk Lamp,Furniture,South,Corporate,2,2500,0.15,4250.0,500.0,Aarav
ORD0248,2025-10-17,CUST165,USB-C Hub,Electronics,West,Consumer,3,3200,0.0,9600.0,1728.0,Rohan
ORD0249,2025-03-19,CUST053,Premium Pen Set,Office Supplies,Central,Corporate,6,700,0.15,3570.0,714.0,Kabir
ORD0250,2025-01-01,CUST139,Mechanical Keyboard,Electronics,Central,Consumer,5,5500,0.1,24750.0,2200.0,Diya
ORD0251,2025-06-17,CUST200,Desk Lamp,Furniture,North,Corporate,1,2500,0.02,2450.0,575.0,Aarav
ORD0252,2025-05-24,CUST039,Monitor 27-inch,Electronics,Central,Corporate,5,24000,0.05,114000.0,15600.0,Diya
ORD0253,2025-06-18,CUST076,Standing Desk,Furniture,West,Corporate,6,22000,0.1,118800.0,19800.0,Meera
ORD0254,2025-12-13,CUST132,Laptop Pro 14,Electronics,South,Corporate,4,85000,0.1,306000.0,27200.0,Diya
ORD0255,2025-11-05,CUST146,Laptop Pro 14,Electronics,North,Small Business,5,85000,0.15,361250.0,12750.0,Kabir
ORD0256,2025-10-01,CUST070,Mechanical Keyboard,Electronics,Central,Corporate,7,5500,0.1,34650.0,3080.0,Meera
ORD0257,2025-04-21,CUST091,Monitor 27-inch,Electronics,Central,Small Business,5,24000,0.0,120000.0,21600.0,Kabir
ORD0258,2025-05-28,CUST224,Monitor 27-inch,Electronics,East,Consumer,6,24000,0.02,141120.0,23040.0,Rohan
ORD0259,2025-11-28,CUST083,Notebook Set,Office Supplies,East,Consumer,4,450,0.1,1620.0,396.0,Meera
ORD0260,2025-05-29,CUST117,Standing Desk,Furniture,East,Consumer,3,22000,0.1,59400.0,9900.0,Aarav
ORD0261,2025-09-01,CUST033,Desk Lamp,Furniture,West,Small Business,1,2500,0.02,2450.0,575.0,Meera
ORD0262,2025-04-30,CUST202,Office Chair,Furniture,North,Consumer,1,12000,0.15,10200.0,1200.0,Rohan
ORD0263,2025-04-01,CUST229,USB-C Hub,Electronics,West,Consumer,7,3200,0.1,20160.0,1792.0,Aarav
ORD0264,2025-02-20,CUST071,Desk Lamp,Furniture,South,Consumer,2,2500,0.1,4500.0,750.0,Rohan
ORD0265,2025-03-15,CUST241,USB-C Hub,Electronics,East,Corporate,7,3200,0.1,20160.0,1792.0,Rohan
ORD0266,2025-08-11,CUST187,Monitor 27-inch,Electronics,South,Consumer,7,24000,0.05,159600.0,21840.0,Meera
ORD0267,2025-12-23,CUST130,Laptop Pro 14,Electronics,South,,3,85000,0.1,229500.0,20400.0,Rohan
ORD0268,2025-05-27,CUST176,Notebook Set,Office Supplies,Central,Small Business,1,450,0.05,427.5,121.5,Meera
ORD0269,2025-12-08,CUST212,Office Chair,Furniture,Central,Consumer,4,12000,0.0,48000.0,12000.0,Diya
ORD0270,2025-06-28,CUST111,Desk Lamp,Furniture,West,Small Business,4,2500,0.1,9000.0,1500.0,Kabir
ORD0271,2025-11-30,CUST239,Desk Lamp,Furniture,Central,Consumer,2,2500,0.05,4750.0,1000.0,Anaya
ORD0272,2025-09-29,CUST250,USB-C Hub,Electronics,West,Consumer,7,3200,0.0,22400.0,4032.0,Rohan
ORD0273,2025-06-16,CUST175,Wireless Headphones,Electronics,South,Corporate,4,4500,0.1,16200.0,1440.0,Meera
ORD0274,2025-04-05,CUST116,Premium Pen Set,Office Supplies,East,Corporate,3,700,0.02,2058.0,630.0,Kabir
ORD0275,2025-10-25,CUST073,Mechanical Keyboard,Electronics,Central,Corporate,2,5500,0.1,9900.0,880.0,Diya
ORD0276,2025-05-03,CUST114,Office Chair,Furniture,West,Consumer,1,12000,0.0,12000.0,3000.0,Anaya
ORD0277,2025-10-10,CUST152,Mechanical Keyboard,Electronics,North,Consumer,1,5500,0.1,4950.0,440.0,Kabir
ORD0278,2025-03-12,CUST237,Standing Desk,Furniture,North,Consumer,7,22000,0.02,150920.0,35420.0,Kabir
ORD0279,2025-12-07,CUST073,Standing Desk,Furniture,Central,Corporate,5,22000,0.15,93500.0,11000.0,Aarav
ORD0280,2025-10-16,CUST063,USB-C Hub,Electronics,South,Corporate,1,3200,0.05,3040.0,416.0,Anaya
ORD0281,2025-02-10,CUST178,Mechanical Keyboard,Electronics,Central,Corporate,5,5500,0.05,26125.0,3575.0,Diya
ORD0282,2025-07-21,CUST061,Wireless Headphones,Electronics,East,Consumer,3,4500,0.05,12825.0,1755.0,Rohan
ORD0283,2025-12-29,CUST006,Monitor 27-inch,Electronics,Central,Consumer,5,24000,0.0,120000.0,21600.0,Meera
ORD0284,2025-09-23,CUST030,Wireless Headphones,Electronics,Central,Consumer,1,4500,0.1,4050.0,360.0,Diya
ORD0285,2025-06-05,CUST053,Mechanical Keyboard,Electronics,North,Corporate,4,5500,0.0,22000.0,3960.0,Rohan
ORD0286,2025-10-15,CUST171,Monitor 27-inch,Electronics,Central,Small Business,3,24000,0.02,70560.0,11520.0,Rohan
ORD0287,2025-04-28,CUST059,USB-C Hub,Electronics,West,Small Business,3,3200,0.02,9408.0,1536.0,Rohan
ORD0288,2025-11-22,CUST067,Wireless Headphones,Electronics,North,Corporate,4,4500,0.02,17640.0,2880.0,Anaya
ORD0289,2025-02-26,CUST077,USB-C Hub,Electronics,East,Consumer,1,3200,0.02,3136.0,512.0,Aarav
ORD0290,2025-01-01,CUST022,Notebook Set,Office Supplies,East,Small Business,1,450,0.02,441.0,135.0,Rohan
ORD0291,2025-08-27,CUST187,Laptop Pro 14,Electronics,Central,Corporate,1,85000,0.02,83300.0,13600.0,Diya
ORD0292,2025-11-11,CUST068,Laptop Pro 14,Electronics,Central,Corporate,2,85000,0.0,170000.0,30600.0,Meera
ORD0293,2025-02-03,CUST106,Standing Desk,Furniture,South,Corporate,6,22000,0.0,132000.0,33000.0,Rohan
ORD0294,2025-10-02,CUST051,Notebook Set,Office Supplies,East,Corporate,2,450,0.02,882.0,270.0,Rohan
ORD0295,2025-05-15,CUST103,Monitor 27-inch,Electronics,South,Corporate,4,24000,0.02,94080.0,15360.0,Diya
ORD0296,2025-02-13,CUST190,Premium Pen Set,Office Supplies,North,Corporate,6,700,0.15,3570.0,714.0,Diya
ORD0297,2025-10-28,CUST016,Wireless Headphones,Electronics,South,Small Business,2,4500,0.0,9000.0,1620.0,Anaya
ORD0298,2025-08-27,CUST045,Desk Lamp,Furniture,East,Small Business,1,2500,0.15,2125.0,250.0,Kabir
ORD0299,2025-12-23,CUST239,Wireless Headphones,Electronics,Central,Corporate,7,4500,0.15,26775.0,945.0,Diya
ORD0300,2025-08-28,CUST237,Premium Pen Set,Office Supplies,South,Consumer,2,700,0.05,1330.0,378.0,Rohan
ORD0301,2025-07-21,CUST096,Laptop Pro 14,Electronics,Central,Corporate,4,85000,0.1,306000.0,27200.0,Rohan
ORD0302,2025-01-19,CUST233,Standing Desk,Furniture,West,Corporate,1,22000,0.05,20900.0,4400.0,Kabir
ORD0303,2025-06-02,CUST065,Premium Pen Set,Office Supplies,West,Consumer,2,700,0.02,1372.0,420.0,Rohan
ORD0304,2025-05-21,CUST189,Office Chair,Furniture,South,Consumer,4,12000,0.0,48000.0,12000.0,Meera
ORD0305,2025-07-25,CUST160,Wireless Headphones,Electronics,West,Small Business,3,4500,0.05,12825.0,1755.0,Aarav
ORD0306,2025-03-19,CUST150,Office Chair,Furniture,Central,Small Business,1,12000,0.0,12000.0,3000.0,Meera
ORD0307,2025-11-21,CUST024,Monitor 27-inch,Electronics,East,Small Business,2,24000,0.15,40800.0,1440.0,Kabir
ORD0308,2025-01-22,CUST086,Desk Lamp,Furniture,South,Corporate,7,2500,0.05,16625.0,3500.0,Meera
ORD0309,2025-09-06,CUST007,Standing Desk,Furniture,South,Small Business,2,22000,0.02,43120.0,10120.0,Aarav
ORD0310,2025-06-04,CUST131,Standing Desk,Furniture,North,Consumer,2,22000,0.0,44000.0,11000.0,Aarav
ORD0311,2025-04-27,CUST086,Premium Pen Set,Office Supplies,South,Consumer,7,700,0.0,4900.0,1568.0,Aarav
ORD0312,2025-04-07,CUST233,Notebook Set,Office Supplies,West,Corporate,3,450,0.02,1323.0,405.0,Diya
ORD0313,2025-12-06,CUST175,Desk Lamp,Furniture,North,Small Business,7,2500,0.0,17500.0,4375.0,Aarav
ORD0314,2025-08-15,CUST102,Laptop Pro 14,Electronics,North,Consumer,1,85000,0.05,80750.0,11050.0,Anaya
ORD0315,2025-10-27,CUST173,USB-C Hub,Electronics,East,Consumer,6,3200,0.0,19200.0,3456.0,Anaya
ORD0316,2025-05-27,CUST016,Standing Desk,Furniture,South,Corporate,1,22000,0.02,21560.0,5060.0,Anaya
ORD0317,2025-10-22,CUST232,Laptop Pro 14,Electronics,North,Small Business,5,85000,0.15,361250.0,12750.0,Anaya
ORD0318,2025-06-30,CUST073,Office Chair,Furniture,Central,Small Business,4,12000,0.05,45600.0,9600.0,Kabir
ORD0319,2025-08-02,CUST118,Desk Lamp,Furniture,North,Corporate,3,2500,0.1,6750.0,1125.0,Diya
ORD0320,2025-02-07,CUST200,Mechanical Keyboard,Electronics,Central,Consumer,2,5500,0.15,9350.0,330.0,Meera
ORD0321,2025-05-30,CUST110,Notebook Set,Office Supplies,East,Small Business,3,450,0.1,1215.0,297.0,Meera
ORD0322,2025-12-07,CUST183,Office Chair,Furniture,South,Small Business,7,12000,0.15,71400.0,8400.0,Diya
ORD0323,2025-07-27,CUST096,Mechanical Keyboard,Electronics,East,Consumer,4,5500,0.15,18700.0,660.0,Meera
ORD0324,2025-04-28,CUST243,Office Chair,Furniture,South,Consumer,4,12000,0.02,47040.0,11040.0,Kabir
ORD0325,2025-03-02,CUST126,Notebook Set,Office Supplies,West,Small Business,1,450,0.02,441.0,135.0,Kabir
ORD0326,2025-07-25,CUST190,Desk Lamp,Furniture,West,Corporate,2,2500,0.1,4500.0,750.0,Diya
ORD0327,2025-12-05,CUST046,Notebook Set,Office Supplies,East,Consumer,6,450,0.15,2295.0,459.0,Rohan
ORD0328,2025-12-12,CUST212,USB-C Hub,Electronics,South,Consumer,1,3200,0.1,2880.0,256.0,Anaya
ORD0329,2025-01-02,CUST155,USB-C Hub,Electronics,North,Small Business,5,3200,0.15,13600.0,480.0,Rohan
ORD0330,2025-01-10,CUST084,USB-C Hub,Electronics,West,Consumer,4,3200,0.0,12800.0,2304.0,Anaya
ORD0331,2025-06-20,CUST114,Mechanical Keyboard,Electronics,North,Corporate,4,5500,0.02,21560.0,3520.0,Rohan
ORD0332,2025-11-17,CUST248,USB-C Hub,Electronics,South,Small Business,3,3200,0.15,8160.0,288.0,Meera
ORD0333,2025-02-28,CUST109,Laptop Pro 14,Electronics,West,Consumer,2,85000,0.1,153000.0,13600.0,Kabir
ORD0334,2025-12-19,CUST020,Mechanical Keyboard,Electronics,Central,Small Business,4,5500,0.02,21560.0,3520.0,Anaya
ORD0335,2025-08-05,CUST241,Desk Lamp,Furniture,Central,Corporate,2,2500,0.15,4250.0,500.0,Kabir
ORD0336,2025-10-24,CUST127,Wireless Headphones,Electronics,East,Consumer,1,4500,0.02,4410.0,720.0,Meera
ORD0337,2025-08-10,CUST228,Premium Pen Set,Office Supplies,East,Small Business,7,700,0.1,4410.0,1078.0,Kabir
ORD0338,2025-02-13,CUST221,Wireless Headphones,Electronics,West,Consumer,3,4500,0.0,13500.0,2430.0,Anaya
ORD0339,2025-04-21,CUST183,Laptop Pro 14,Electronics,Central,Consumer,2,85000,0.1,153000.0,13600.0,Aarav
ORD0340,2025-06-19,CUST109,USB-C Hub,Electronics,West,Corporate,4,3200,0.05,12160.0,1664.0,Aarav
ORD0341,2025-05-18,CUST198,Premium Pen Set,Office Supplies,West,Consumer,5,700,0.0,3500.0,1120.0,Aarav
ORD0342,2025-07-10,CUST233,Notebook Set,Office Supplies,South,Corporate,4,450,0.15,1530.0,306.0,Aarav
ORD0343,2025-05-06,CUST047,Notebook Set,Office Supplies,North,Corporate,2,450,0.05,855.0,243.0,Anaya
ORD0344,2025-10-23,CUST104,Wireless Headphones,Electronics,Central,Consumer,3,4500,0.02,13230.0,2160.0,Aarav
ORD0345,2025-11-15,CUST222,Notebook Set,Office Supplies,West,Corporate,5,450,0.15,1912.5,382.5,Kabir
ORD0346,2025-01-14,CUST052,Wireless Headphones,Electronics,East,Corporate,4,4500,0.02,17640.0,2880.0,Anaya
ORD0347,2025-01-15,CUST051,Standing Desk,Furniture,West,Corporate,7,22000,0.1,138600.0,23100.0,Diya
ORD0348,2025-01-17,CUST078,Notebook Set,Office Supplies,Central,Small Business,7,450,0.02,3087.0,945.0,Anaya
ORD0349,2025-01-22,CUST002,USB-C Hub,Electronics,Central,Small Business,1,3200,0.02,3136.0,512.0,Aarav
ORD0350,2025-12-01,CUST218,Monitor 27-inch,Electronics,East,Small Business,4,24000,0.0,96000.0,17280.0,Kabir
ORD0351,2025-01-24,CUST044,Monitor 27-inch,Electronics,Central,Consumer,4,24000,0.15,81600.0,2880.0,Diya
ORD0352,2025-04-15,CUST050,Monitor 27-inch,Electronics,Central,Consumer,2,24000,0.05,45600.0,6240.0,Aarav
ORD0353,2025-09-16,CUST136,Premium Pen Set,Office Supplies,Central,Consumer,7,700,0.0,4900.0,1568.0,Anaya
ORD0354,2025-12-11,CUST157,Premium Pen Set,Office Supplies,North,Small Business,6,700,0.02,4116.0,1260.0,Rohan
ORD0355,2025-07-18,CUST242,Office Chair,Furniture,Central,Consumer,4,12000,0.02,47040.0,11040.0,Anaya
ORD0356,2025-06-26,CUST115,Standing Desk,Furniture,East,,5,22000,0.1,99000.0,16500.0,Kabir
ORD0357,2025-05-23,CUST029,Mechanical Keyboard,Electronics,North,Small Business,3,5500,0.0,16500.0,2970.0,Aarav
ORD0358,2025-06-12,CUST049,Notebook Set,Office Supplies,Central,Small Business,6,450,0.1,2430.0,594.0,Meera
ORD0359,2025-02-27,CUST216,Laptop Pro 14,Electronics,South,Consumer,1,85000,0.02,83300.0,13600.0,Anaya
ORD0360,2025-07-08,CUST167,Desk Lamp,Furniture,Central,Small Business,2,2500,0.02,4900.0,1150.0,Anaya
ORD0361,2025-01-18,CUST089,Laptop Pro 14,Electronics,North,Small Business,2,85000,0.05,161500.0,22100.0,Aarav
ORD0362,2025-07-27,CUST092,Wireless Headphones,Electronics,Central,Consumer,2,4500,0.0,9000.0,1620.0,Meera
ORD0363,2025-03-15,CUST127,Premium Pen Set,Office Supplies,Central,Small Business,5,700,0.1,3150.0,770.0,Meera
ORD0364,2025-12-13,CUST032,Premium Pen Set,Office Supplies,South,Consumer,7,700,0.1,4410.0,1078.0,Aarav
ORD0365,2025-06-09,CUST156,Standing Desk,Furniture,Central,Small Business,2,22000,0.05,41800.0,8800.0,Kabir
ORD0366,2025-07-17,CUST106,Office Chair,Furniture,North,Corporate,6,12000,0.0,72000.0,18000.0,Diya
ORD0367,2025-09-03,CUST041,Wireless Headphones,Electronics,East,Small Business,5,4500,0.0,22500.0,4050.0,Diya
ORD0368,2025-03-03,CUST179,Monitor 27-inch,Electronics,Central,Small Business,6,24000,0.15,122400.0,4320.0,Diya
ORD0369,2025-07-01,CUST133,Desk Lamp,Furniture,East,Consumer,1,2500,0.05,2375.0,500.0,Meera
ORD0370,2025-12-30,CUST025,USB-C Hub,Electronics,East,Corporate,4,3200,0.02,12544.0,2048.0,Kabir
ORD0371,2025-01-25,CUST184,USB-C Hub,Electronics,East,Consumer,3,3200,0.15,8160.0,288.0,Diya
ORD0372,2025-01-19,CUST150,Monitor 27-inch,Electronics,Central,Consumer,5,24000,0.1,108000.0,9600.0,Kabir
ORD0373,2025-06-23,CUST180,Standing Desk,Furniture,North,Small Business,7,22000,0.02,150920.0,35420.0,Rohan
ORD0374,2025-10-13,CUST226,Monitor 27-inch,Electronics,East,Corporate,5,24000,0.1,108000.0,9600.0,Meera
ORD0375,2025-08-19,CUST076,Wireless Headphones,Electronics,South,Corporate,6,4500,0.1,24300.0,2160.0,Meera
ORD0376,2025-12-17,CUST177,Monitor 27-inch,Electronics,South,Corporate,5,24000,0.15,102000.0,3600.0,Kabir
ORD0377,2025-07-04,CUST012,Premium Pen Set,Office Supplies,West,Corporate,6,700,0.02,4116.0,1260.0,Kabir
ORD0378,2025-09-29,CUST088,Notebook Set,Office Supplies,North,Corporate,2,450,0.05,855.0,243.0,Diya
ORD0379,2025-09-30,CUST057,Office Chair,Furniture,Central,Small Business,5,12000,0.0,60000.0,15000.0,Diya
ORD0380,2025-12-15,CUST201,Notebook Set,Office Supplies,North,Consumer,1,450,0.0,450.0,144.0,Diya
ORD0381,2025-07-13,CUST048,Office Chair,Furniture,Central,Small Business,3,12000,0.02,35280.0,8280.0,Rohan
ORD0382,2025-03-05,CUST188,Wireless Headphones,Electronics,South,Small Business,5,4500,0.15,19125.0,675.0,Kabir
ORD0383,2025-04-10,CUST063,Desk Lamp,Furniture,South,Corporate,2,2500,0.02,4900.0,1150.0,Aarav
ORD0384,2025-09-15,CUST038,Monitor 27-inch,Electronics,North,Corporate,4,24000,0.15,81600.0,2880.0,Kabir
ORD0385,2025-10-01,CUST028,Mechanical Keyboard,Electronics,Central,Consumer,6,5500,0.05,31350.0,4290.0,Kabir
ORD0386,2025-03-29,CUST085,Standing Desk,Furniture,South,Consumer,6,22000,0.02,129360.0,30360.0,Diya
ORD0387,2025-05-24,CUST180,Mechanical Keyboard,Electronics,South,Small Business,4,5500,0.02,21560.0,3520.0,Rohan
ORD0388,2025-04-10,CUST092,Wireless Headphones,Electronics,North,Consumer,3,4500,0.0,13500.0,2430.0,Kabir
ORD0389,2025-05-15,CUST226,Monitor 27-inch,Electronics,South,Corporate,3,24000,0.15,61200.0,2160.0,Rohan
ORD0390,2025-07-01,CUST158,Laptop Pro 14,Electronics,West,Consumer,7,85000,0.02,583100.0,95200.0,Anaya
ORD0391,2025-08-12,CUST111,Premium Pen Set,Office Supplies,Central,Small Business,7,700,0.05,4655.0,1323.0,Anaya
ORD0392,2025-06-18,CUST191,Notebook Set,Office Supplies,North,Small Business,6,450,0.02,2646.0,810.0,Aarav
ORD0393,2025-06-30,CUST123,Notebook Set,Office Supplies,East,Corporate,4,450,0.05,1710.0,486.0,Meera
ORD0394,2025-11-02,CUST248,Monitor 27-inch,Electronics,North,Small Business,4,24000,0.1,86400.0,7680.0,Diya
ORD0395,2025-11-06,CUST193,Wireless Headphones,Electronics,Central,Small Business,6,4500,0.0,27000.0,4860.0,Anaya
ORD0396,2025-04-25,CUST033,Wireless Headphones,Electronics,East,Small Business,7,4500,0.0,31500.0,5670.0,Diya
ORD0397,2025-12-09,CUST108,Desk Lamp,Furniture,South,Small Business,5,2500,0.1,11250.0,1875.0,Meera
ORD0398,2025-03-03,CUST056,Premium Pen Set,Office Supplies,North,Small Business,3,700,0.02,2058.0,630.0,Aarav
ORD0399,2025-05-28,CUST015,Premium Pen Set,Office Supplies,Central,Consumer,7,700,0.1,4410.0,1078.0,Rohan
ORD0400,2025-03-06,CUST057,Premium Pen Set,Office Supplies,Central,Small Business,2,700,0.1,1260.0,308.0,Diya
ORD0401,2025-02-21,CUST075,USB-C Hub,Electronics,West,Small Business,7,3200,0.1,20160.0,1792.0,Rohan
ORD0402,2025-04-11,CUST086,Standing Desk,Furniture,Central,Corporate,2,22000,0.15,37400.0,4400.0,Diya
ORD0403,2025-06-07,CUST175,Laptop Pro 14,Electronics,South,Small Business,4,85000,0.15,289000.0,10200.0,Rohan
ORD0404,2025-05-19,CUST185,Premium Pen Set,Office Supplies,Central,Small Business,6,700,0.05,3990.0,1134.0,Diya
ORD0405,2025-07-28,CUST091,Premium Pen Set,Office Supplies,Central,Small Business,1,700,0.05,665.0,189.0,Aarav
ORD0406,2025-07-09,CUST183,Mechanical Keyboard,Electronics,Central,Small Business,2,5500,0.15,9350.0,330.0,Aarav
ORD0407,2025-09-30,CUST040,Wireless Headphones,Electronics,South,Consumer,3,4500,0.02,13230.0,2160.0,Diya
ORD0408,2025-05-30,CUST109,Wireless Headphones,Electronics,East,Small Business,2,4500,0.05,8550.0,1170.0,Anaya
ORD0409,2025-09-09,CUST034,Notebook Set,Office Supplies,Central,Consumer,5,450,0.1,2025.0,495.0,Kabir
ORD0410,2025-12-04,CUST018,Premium Pen Set,Office Supplies,South,Small Business,3,700,0.02,2058.0,630.0,Rohan
ORD0411,2025-02-05,CUST104,Laptop Pro 14,Electronics,East,Consumer,6,85000,0.15,433500.0,15300.0,Diya
ORD0412,2025-06-19,CUST060,Wireless Headphones,Electronics,South,Consumer,2,4500,0.05,8550.0,1170.0,Rohan
ORD0413,2025-10-20,CUST160,Mechanical Keyboard,Electronics,South,,7,5500,0.05,36575.0,5005.0,Diya
ORD0414,2025-02-19,CUST006,Wireless Headphones,Electronics,Central,Corporate,2,4500,0.02,8820.0,1440.0,Kabir
ORD0415,2025-11-06,CUST159,USB-C Hub,Electronics,South,Consumer,2,3200,0.05,6080.0,832.0,Aarav
ORD0416,2025-08-22,CUST109,Laptop Pro 14,Electronics,West,Consumer,2,85000,0.1,153000.0,13600.0,Diya
ORD0417,2025-11-07,CUST063,Office Chair,Furniture,Central,Consumer,7,12000,0.1,75600.0,12600.0,Diya
ORD0418,2025-11-13,CUST136,Notebook Set,Office Supplies,South,Consumer,1,450,0.15,382.5,76.5,Meera
ORD0419,2025-02-16,CUST031,Notebook Set,Office Supplies,West,Consumer,6,450,0.1,2430.0,594.0,Anaya
ORD0420,2025-06-11,CUST015,Wireless Headphones,Electronics,Central,Consumer,6,4500,0.15,22950.0,810.0,Meera
ORD0421,2025-10-27,CUST041,USB-C Hub,Electronics,West,Corporate,6,3200,0.0,19200.0,3456.0,Diya
ORD0422,2025-03-28,CUST078,Standing Desk,Furniture,East,Small Business,1,22000,0.15,18700.0,2200.0,Meera
ORD0423,2025-05-25,CUST209,Notebook Set,Office Supplies,West,Small Business,5,450,0.15,1912.5,382.5,Anaya
ORD0424,2025-09-26,CUST073,Monitor 27-inch,Electronics,West,Consumer,2,24000,0.1,43200.0,3840.0,Meera
ORD0425,2025-10-18,CUST114,Monitor 27-inch,Electronics,Central,Consumer,2,24000,0.02,47040.0,7680.0,Rohan
ORD0426,2025-12-26,CUST099,Desk Lamp,Furniture,South,Corporate,7,2500,0.0,17500.0,4375.0,Meera
ORD0427,2025-12-27,CUST056,Premium Pen Set,Office Supplies,North,Corporate,4,700,0.0,2800.0,896.0,Kabir
ORD0428,2025-04-14,CUST130,Premium Pen Set,Office Supplies,West,Corporate,7,700,0.0,4900.0,1568.0,Kabir
ORD0429,2025-11-19,CUST195,Premium Pen Set,Office Supplies,South,Consumer,7,700,0.05,4655.0,1323.0,Rohan
ORD0430,2025-08-10,CUST074,Mechanical Keyboard,Electronics,West,Small Business,3,5500,0.02,16170.0,2640.0,Rohan
ORD0431,2025-03-22,CUST230,USB-C Hub,Electronics,West,Consumer,1,3200,0.05,3040.0,416.0,Meera
ORD0432,2025-01-21,CUST114,Premium Pen Set,Office Supplies,South,Small Business,4,700,0.05,2660.0,756.0,Anaya
ORD0433,2025-05-25,CUST105,Monitor 27-inch,Electronics,Central,Small Business,1,24000,0.15,20400.0,720.0,Aarav
ORD0434,2025-04-05,CUST132,Office Chair,Furniture,Central,Consumer,6,12000,0.05,68400.0,14400.0,Rohan
ORD0435,2025-03-20,CUST137,Monitor 27-inch,Electronics,East,Corporate,7,24000,0.02,164640.0,26880.0,Rohan
ORD0436,2025-03-26,CUST102,Monitor 27-inch,Electronics,North,Corporate,2,24000,0.1,43200.0,3840.0,Anaya
ORD0437,2025-08-20,CUST093,Standing Desk,Furniture,West,Small Business,5,22000,0.0,110000.0,27500.0,Meera
ORD0438,2025-06-14,CUST016,Wireless Headphones,Electronics,West,Consumer,4,4500,0.0,18000.0,3240.0,Diya
ORD0439,2025-10-24,CUST015,Laptop Pro 14,Electronics,South,Small Business,7,85000,0.15,505750.0,17850.0,Meera
ORD0440,2025-12-21,CUST043,Wireless Headphones,Electronics,Central,Small Business,1,4500,0.02,4410.0,720.0,Anaya
ORD0441,2025-03-03,CUST073,Desk Lamp,Furniture,South,Consumer,3,2500,0.15,6375.0,750.0,Aarav
ORD0442,2025-01-27,CUST016,Wireless Headphones,Electronics,Central,Consumer,1,4500,0.02,4410.0,720.0,Aarav
ORD0443,2025-10-29,CUST184,Laptop Pro 14,Electronics,East,Consumer,1,85000,0.05,80750.0,11050.0,Rohan
ORD0444,2025-11-18,CUST077,Laptop Pro 14,Electronics,West,Corporate,5,85000,0.05,403750.0,55250.0,Meera
ORD0445,2025-06-13,CUST177,USB-C Hub,Electronics,South,Consumer,5,3200,0.05,15200.0,2080.0,Kabir
ORD0446,2025-10-18,CUST196,Laptop Pro 14,Electronics,South,Corporate,2,85000,0.05,161500.0,22100.0,Aarav
ORD0447,2025-11-04,CUST173,Monitor 27-inch,Electronics,South,Small Business,2,24000,0.1,43200.0,3840.0,Rohan
ORD0448,2025-01-29,CUST221,Premium Pen Set,Office Supplies,West,Consumer,6,700,0.15,3570.0,714.0,Diya
ORD0449,2025-09-09,CUST163,Monitor 27-inch,Electronics,Central,Consumer,2,24000,0.05,45600.0,6240.0,Diya
ORD0450,2025-04-16,CUST085,USB-C Hub,Electronics,East,Consumer,4,3200,0.02,12544.0,2048.0,Meera
ORD0451,2025-08-16,CUST232,Standing Desk,Furniture,North,Consumer,5,22000,0.0,110000.0,27500.0,Rohan
ORD0452,2025-09-07,CUST153,Premium Pen Set,Office Supplies,North,Small Business,5,700,0.05,3325.0,945.0,Kabir
ORD0453,2025-02-01,CUST250,Laptop Pro 14,Electronics,South,Consumer,3,85000,0.05,242250.0,33150.0,Kabir
ORD0454,2025-03-28,CUST212,Desk Lamp,Furniture,Central,Corporate,6,2500,0.1,13500.0,2250.0,Meera
ORD0455,2025-06-22,CUST136,Laptop Pro 14,Electronics,East,Consumer,6,85000,0.15,433500.0,15300.0,Meera
ORD0456,2025-06-29,CUST240,Monitor 27-inch,Electronics,East,Corporate,7,24000,0.15,142800.0,5040.0,Meera
ORD0457,2025-01-27,CUST103,USB-C Hub,Electronics,East,Small Business,6,3200,0.0,19200.0,3456.0,Kabir
ORD0458,2025-06-30,CUST140,Notebook Set,Office Supplies,East,Small Business,7,450,0.02,3087.0,945.0,Anaya
ORD0459,2025-03-08,CUST107,Notebook Set,Office Supplies,South,Consumer,4,450,0.05,1710.0,486.0,Aarav
ORD0460,2025-06-07,CUST092,Notebook Set,Office Supplies,West,Corporate,1,450,0.1,405.0,99.0,Rohan
ORD0461,2025-07-28,CUST244,Monitor 27-inch,Electronics,North,Consumer,1,24000,0.02,23520.0,3840.0,Anaya
ORD0462,2025-08-17,CUST049,USB-C Hub,Electronics,South,Corporate,2,3200,0.05,6080.0,832.0,Meera
ORD0463,2025-10-05,CUST039,Office Chair,Furniture,South,Consumer,3,12000,0.02,35280.0,8280.0,Anaya
ORD0464,2025-10-03,CUST124,USB-C Hub,Electronics,Central,Corporate,4,3200,0.0,12800.0,2304.0,Anaya
ORD0465,2025-04-15,CUST088,Desk Lamp,Furniture,South,Small Business,2,2500,0.1,4500.0,750.0,Diya
ORD0466,2025-12-29,CUST003,Premium Pen Set,Office Supplies,Central,Consumer,5,700,0.1,3150.0,770.0,Meera
ORD0467,2025-11-10,CUST101,Office Chair,Furniture,Central,Consumer,5,12000,0.1,54000.0,9000.0,Diya
ORD0468,2025-10-31,CUST057,Office Chair,Furniture,South,Small Business,4,12000,0.1,43200.0,7200.0,Kabir
ORD0469,2025-12-26,CUST230,Mechanical Keyboard,Electronics,Central,Corporate,7,5500,0.05,36575.0,5005.0,Rohan
ORD0470,2025-04-28,CUST160,USB-C Hub,Electronics,East,Consumer,2,3200,0.0,6400.0,1152.0,Meera
ORD0471,2025-08-21,CUST104,Wireless Headphones,Electronics,East,Small Business,4,4500,0.05,17100.0,2340.0,Rohan
ORD0472,2025-05-01,CUST132,Desk Lamp,Furniture,North,Corporate,3,2500,0.05,7125.0,1500.0,Diya
ORD0473,2025-06-12,CUST015,Notebook Set,Office Supplies,South,Consumer,6,450,0.15,2295.0,459.0,Rohan
ORD0474,2025-01-08,CUST245,USB-C Hub,Electronics,South,Consumer,4,3200,0.0,12800.0,2304.0,Diya
ORD0475,2025-04-11,CUST172,Mechanical Keyboard,Electronics,North,Consumer,5,5500,0.15,23375.0,825.0,Aarav
ORD0476,2025-01-08,CUST006,USB-C Hub,Electronics,Central,Consumer,5,3200,0.15,13600.0,480.0,Aarav
ORD0477,2025-06-12,CUST169,Notebook Set,Office Supplies,East,Corporate,5,450,0.02,2205.0,675.0,Aarav
ORD0478,2025-11-22,CUST032,Standing Desk,Furniture,North,Corporate,6,22000,0.1,118800.0,19800.0,Diya
ORD0479,2025-07-20,CUST171,Notebook Set,Office Supplies,North,Small Business,7,450,0.02,3087.0,945.0,Diya
ORD0480,2025-09-22,CUST050,Desk Lamp,Furniture,East,Small Business,5,2500,0.0,12500.0,3125.0,Anaya
ORD0481,2025-04-20,CUST231,Desk Lamp,Furniture,East,Small Business,4,2500,0.05,9500.0,2000.0,Kabir
ORD0482,2025-01-17,CUST027,Monitor 27-inch,Electronics,South,Corporate,2,24000,0.1,43200.0,3840.0,Rohan
ORD0483,2025-06-10,CUST136,Office Chair,Furniture,West,Consumer,1,12000,0.02,11760.0,2760.0,Meera
ORD0484,2025-10-23,CUST056,Premium Pen Set,Office Supplies,West,Consumer,6,700,0.05,3990.0,1134.0,Aarav
ORD0485,2025-08-09,CUST174,Desk Lamp,Furniture,South,Consumer,4,2500,0.1,9000.0,1500.0,Aarav
ORD0486,2025-06-16,CUST041,Desk Lamp,Furniture,East,Consumer,2,2500,0.05,4750.0,1000.0,Diya
ORD0487,2025-12-04,CUST109,Wireless Headphones,Electronics,South,Corporate,6,4500,0.05,25650.0,3510.0,Anaya
ORD0488,2025-12-04,CUST130,Notebook Set,Office Supplies,Central,Corporate,1,450,0.02,441.0,135.0,Aarav
ORD0489,2025-12-21,CUST050,Desk Lamp,Furniture,Central,Consumer,6,2500,0.1,13500.0,2250.0,Anaya
ORD0490,2025-01-29,CUST017,Wireless Headphones,Electronics,Central,Consumer,4,4500,0.1,16200.0,1440.0,Meera
ORD0491,2025-06-02,CUST160,USB-C Hub,Electronics,East,Corporate,5,3200,0.05,15200.0,2080.0,Aarav
ORD0492,2025-01-28,CUST176,Premium Pen Set,Office Supplies,West,Consumer,6,700,0.1,3780.0,924.0,Anaya
ORD0493,2025-07-06,CUST137,Notebook Set,Office Supplies,South,Small Business,4,450,0.1,1620.0,396.0,Anaya
ORD0494,2025-05-15,CUST243,Wireless Headphones,Electronics,North,Corporate,6,4500,0.0,27000.0,4860.0,Diya
ORD0495,2025-12-11,CUST131,Monitor 27-inch,Electronics,West,Consumer,4,24000,0.05,91200.0,12480.0,Diya
ORD0496,2025-05-19,CUST050,USB-C Hub,Electronics,Central,Small Business,7,3200,0.1,20160.0,1792.0,Diya
ORD0497,2025-12-05,CUST032,Notebook Set,Office Supplies,South,Consumer,5,450,0.05,2137.5,607.5,Rohan
ORD0498,2025-02-24,CUST113,Premium Pen Set,Office Supplies,North,Small Business,7,700,0.05,4655.0,1323.0,Rohan
ORD0499,2025-01-27,CUST104,Desk Lamp,Furniture,East,Small Business,3,2500,0.02,7350.0,1725.0,Rohan
ORD0500,2025-05-03,CUST007,Wireless Headphones,Electronics,Central,Small Business,2,4500,0.05,8550.0,1170.0,Meera
ORD0501,2025-06-12,CUST201,Office Chair,Furniture,Central,Consumer,6,12000,0.0,72000.0,18000.0,Meera
ORD0502,2025-11-20,CUST173,Wireless Headphones,Electronics,East,Consumer,1,4500,0.02,4410.0,720.0,Aarav
ORD0503,2025-09-08,CUST034,Mechanical Keyboard,Electronics,North,Corporate,2,5500,0.0,11000.0,1980.0,Diya
ORD0504,2025-06-10,CUST173,Standing Desk,Furniture,East,Corporate,1,22000,0.02,21560.0,5060.0,Meera
ORD0505,2025-01-12,CUST172,Mechanical Keyboard,Electronics,West,Consumer,2,5500,0.05,10450.0,1430.0,Kabir
ORD0506,2025-02-09,CUST104,Office Chair,Furniture,North,Corporate,5,12000,0.1,54000.0,9000.0,Diya
ORD0507,2025-05-24,CUST192,Office Chair,Furniture,Central,Consumer,4,12000,0.02,47040.0,11040.0,Kabir
ORD0508,2025-08-05,CUST037,Desk Lamp,Furniture,North,Corporate,4,2500,0.02,9800.0,2300.0,Meera
ORD0509,2025-06-03,CUST185,Monitor 27-inch,Electronics,North,Consumer,3,24000,0.15,61200.0,2160.0,Rohan
ORD0510,2025-01-09,CUST245,Desk Lamp,Furniture,West,Consumer,7,2500,0.02,17150.0,4025.0,Rohan
ORD0511,2025-10-15,CUST126,USB-C Hub,Electronics,West,Consumer,2,3200,0.1,5760.0,512.0,Anaya
ORD0512,2025-01-16,CUST092,USB-C Hub,Electronics,East,Small Business,7,3200,0.1,20160.0,1792.0,Meera
ORD0513,2025-05-03,CUST023,Notebook Set,Office Supplies,Central,Consumer,2,450,0.1,810.0,198.0,Aarav
ORD0514,2025-11-04,CUST129,Laptop Pro 14,Electronics,South,Consumer,4,85000,0.0,340000.0,61200.0,Kabir
ORD0515,2025-06-23,CUST005,Wireless Headphones,Electronics,North,Consumer,7,4500,0.02,30870.0,5040.0,Aarav
ORD0516,2025-04-08,CUST198,Monitor 27-inch,Electronics,East,Consumer,7,24000,0.15,142800.0,5040.0,Aarav
ORD0517,2025-12-06,CUST183,Notebook Set,Office Supplies,East,Small Business,3,450,0.0,1350.0,432.0,Anaya
ORD0518,2025-07-04,CUST182,USB-C Hub,Electronics,Central,Consumer,2,3200,0.15,5440.0,192.0,Kabir
ORD0519,2025-11-09,CUST216,Wireless Headphones,Electronics,South,Consumer,2,4500,0.05,8550.0,1170.0,Meera
ORD0520,2025-03-10,CUST177,USB-C Hub,Electronics,South,Consumer,7,3200,0.02,21952.0,3584.0,Aarav
ORD0521,2025-03-15,CUST179,Standing Desk,Furniture,West,Corporate,3,22000,0.05,62700.0,13200.0,Diya
ORD0522,2025-04-07,CUST127,Notebook Set,Office Supplies,South,Corporate,5,450,0.02,2205.0,675.0,Kabir
ORD0523,2025-06-20,CUST164,Office Chair,Furniture,South,Consumer,6,12000,0.05,68400.0,14400.0,Anaya
ORD0524,2025-03-20,CUST011,Laptop Pro 14,Electronics,Central,Corporate,5,85000,0.02,416500.0,68000.0,Kabir
ORD0525,2025-06-30,CUST139,Monitor 27-inch,Electronics,North,Small Business,1,24000,0.05,22800.0,3120.0,Diya
ORD0526,2025-02-17,CUST075,Premium Pen Set,Office Supplies,Central,Small Business,6,700,0.02,4116.0,1260.0,Anaya
ORD0527,2025-09-17,CUST104,Mechanical Keyboard,Electronics,West,Small Business,5,5500,0.0,27500.0,4950.0,Anaya
ORD0528,2025-03-01,CUST028,Standing Desk,Furniture,East,Small Business,3,22000,0.05,62700.0,13200.0,Meera
ORD0529,2025-08-12,CUST087,Monitor 27-inch,Electronics,North,Consumer,2,24000,0.05,45600.0,6240.0,Anaya
ORD0530,2025-01-15,CUST237,Premium Pen Set,Office Supplies,North,Small Business,2,700,0.02,1372.0,420.0,Diya
ORD0531,2025-01-12,CUST089,Office Chair,Furniture,South,Consumer,2,12000,0.15,20400.0,2400.0,Diya
ORD0532,2025-05-21,CUST246,USB-C Hub,Electronics,South,Corporate,3,3200,0.05,9120.0,1248.0,Diya
ORD0533,2025-01-10,CUST057,Office Chair,Furniture,South,Consumer,1,12000,0.1,10800.0,1800.0,Rohan
ORD0534,2025-12-05,CUST012,Notebook Set,Office Supplies,East,Small Business,7,450,0.02,3087.0,945.0,Meera
ORD0535,2025-10-10,CUST018,USB-C Hub,Electronics,West,Small Business,3,3200,0.0,9600.0,1728.0,Anaya
ORD0536,2025-06-08,CUST031,Standing Desk,Furniture,West,Small Business,7,22000,0.0,154000.0,38500.0,Rohan
ORD0537,2025-12-06,CUST124,Monitor 27-inch,Electronics,North,Small Business,3,24000,0.0,72000.0,12960.0,Anaya
ORD0538,2025-02-04,CUST070,Standing Desk,Furniture,West,Consumer,6,22000,0.0,132000.0,33000.0,Aarav
ORD0539,2025-10-19,CUST201,Premium Pen Set,Office Supplies,West,Corporate,6,700,0.1,3780.0,924.0,Anaya
ORD0540,2025-04-11,CUST245,Office Chair,Furniture,East,Small Business,1,12000,0.1,10800.0,1800.0,Aarav
ORD0541,2025-04-07,CUST243,Premium Pen Set,Office Supplies,South,Small Business,4,700,0.05,2660.0,756.0,Kabir
ORD0542,2025-04-09,CUST216,Laptop Pro 14,Electronics,Central,Small Business,7,85000,0.0,595000.0,107100.0,Kabir
ORD0543,2025-07-03,CUST013,Monitor 27-inch,Electronics,East,Corporate,3,24000,0.1,64800.0,5760.0,Diya
ORD0544,2025-02-25,CUST192,Office Chair,Furniture,South,Corporate,4,12000,0.0,48000.0,12000.0,Meera
ORD0545,2025-10-28,CUST242,Notebook Set,Office Supplies,South,Small Business,3,450,0.05,1282.5,364.5,Anaya
ORD0546,2025-12-20,CUST145,Laptop Pro 14,Electronics,Central,Consumer,6,85000,0.05,484500.0,66300.0,Aarav
ORD0547,2025-03-04,CUST057,USB-C Hub,Electronics,Central,Consumer,4,3200,0.05,12160.0,1664.0,Meera
ORD0548,2025-12-06,CUST236,Office Chair,Furniture,North,Corporate,2,12000,0.0,24000.0,6000.0,Meera
ORD0549,2025-01-22,CUST085,Office Chair,Furniture,East,Consumer,6,12000,0.02,70560.0,16560.0,Rohan
ORD0550,2025-07-06,CUST074,Laptop Pro 14,Electronics,South,Consumer,1,85000,0.05,80750.0,11050.0,Meera
ORD0551,2025-12-09,CUST066,Office Chair,Furniture,Central,Consumer,1,12000,0.02,11760.0,2760.0,Diya
ORD0552,2025-08-03,CUST084,Mechanical Keyboard,Electronics,West,Corporate,3,5500,0.0,16500.0,2970.0,Kabir
ORD0553,2025-02-08,CUST181,Standing Desk,Furniture,Central,Small Business,2,22000,0.1,39600.0,6600.0,Kabir
ORD0554,2025-06-26,CUST193,Office Chair,Furniture,Central,Small Business,7,12000,0.02,82320.0,19320.0,Aarav
ORD0555,2025-12-06,CUST164,Desk Lamp,Furniture,Central,Corporate,1,2500,0.05,2375.0,500.0,Diya
ORD0556,2025-06-15,CUST185,Office Chair,Furniture,East,Consumer,3,12000,0.1,32400.0,5400.0,Diya
ORD0557,2025-04-03,CUST120,Notebook Set,Office Supplies,West,Corporate,7,450,0.15,2677.5,535.5,Aarav
ORD0558,2025-08-27,CUST026,Notebook Set,Office Supplies,South,Corporate,1,450,0.0,450.0,144.0,Meera
ORD0559,2025-12-13,CUST223,Standing Desk,Furniture,West,Corporate,1,22000,0.1,19800.0,3300.0,Anaya
ORD0560,2025-04-27,CUST235,Standing Desk,Furniture,South,Small Business,1,22000,0.15,18700.0,2200.0,Meera
ORD0561,2025-01-23,CUST118,Standing Desk,Furniture,South,Corporate,3,22000,0.15,56100.0,6600.0,Diya
ORD0562,2025-03-13,CUST175,Premium Pen Set,Office Supplies,South,Consumer,3,700,0.0,2100.0,672.0,Meera
ORD0563,2025-05-07,CUST174,Office Chair,Furniture,East,Small Business,3,12000,0.02,35280.0,8280.0,Rohan
ORD0564,2025-08-03,CUST067,Laptop Pro 14,Electronics,Central,Consumer,3,85000,0.02,249900.0,40800.0,Meera
ORD0565,2025-10-17,CUST088,Wireless Headphones,Electronics,North,Small Business,7,4500,0.15,26775.0,945.0,Kabir
ORD0566,2025-12-27,CUST201,USB-C Hub,Electronics,East,Consumer,5,3200,0.05,15200.0,2080.0,Aarav
ORD0567,2025-02-16,CUST177,Standing Desk,Furniture,West,Consumer,4,22000,0.0,88000.0,22000.0,Meera
ORD0568,2025-11-14,CUST150,Laptop Pro 14,Electronics,West,Small Business,6,85000,0.15,433500.0,15300.0,Meera
ORD0569,2025-11-04,CUST132,Standing Desk,Furniture,Central,Consumer,6,22000,0.05,125400.0,26400.0,Aarav
ORD0570,2025-03-20,CUST039,Laptop Pro 14,Electronics,Central,Small Business,4,85000,0.1,306000.0,27200.0,Meera
ORD0571,2025-03-10,CUST225,Standing Desk,Furniture,South,Small Business,3,22000,0.0,66000.0,16500.0,Rohan
ORD0572,2025-02-04,CUST124,Office Chair,Furniture,Central,Small Business,2,12000,0.1,21600.0,3600.0,Rohan
ORD0573,2025-04-17,CUST049,Laptop Pro 14,Electronics,Central,Consumer,2,85000,0.02,166600.0,27200.0,Rohan
ORD0574,2025-04-23,CUST152,Notebook Set,Office Supplies,South,Small Business,5,450,0.02,2205.0,675.0,Aarav
ORD0575,2025-01-16,CUST225,Laptop Pro 14,Electronics,North,Small Business,6,85000,0.1,459000.0,40800.0,Rohan
ORD0576,2025-10-04,CUST053,USB-C Hub,Electronics,East,Consumer,7,3200,0.02,21952.0,3584.0,Kabir
ORD0577,2025-04-29,CUST197,Desk Lamp,Furniture,East,Corporate,4,2500,0.0,10000.0,2500.0,Kabir
ORD0578,2025-11-24,CUST155,Mechanical Keyboard,Electronics,Central,Small Business,5,5500,0.1,24750.0,2200.0,Aarav
ORD0579,2025-03-07,CUST191,Office Chair,Furniture,South,Consumer,3,12000,0.0,36000.0,9000.0,Diya
ORD0580,2025-10-06,CUST207,Mechanical Keyboard,Electronics,East,Corporate,2,5500,0.0,11000.0,1980.0,Anaya
ORD0581,2025-01-25,CUST007,Desk Lamp,Furniture,East,Small Business,1,2500,0.15,2125.0,250.0,Aarav
ORD0582,2025-12-26,CUST083,Mechanical Keyboard,Electronics,South,Consumer,2,5500,0.02,10780.0,1760.0,Diya
ORD0583,2025-07-01,CUST209,Wireless Headphones,Electronics,East,Consumer,5,4500,0.05,21375.0,2925.0,Kabir
ORD0584,2025-02-20,CUST185,Office Chair,Furniture,East,Consumer,6,12000,0.02,70560.0,16560.0,Rohan
ORD0585,2025-05-15,CUST139,Mechanical Keyboard,Electronics,East,Corporate,7,5500,0.15,32725.0,1155.0,Aarav
ORD0586,2025-01-26,CUST130,Office Chair,Furniture,West,Small Business,2,12000,0.1,21600.0,3600.0,Diya
ORD0587,2025-01-25,CUST248,Laptop Pro 14,Electronics,Central,Small Business,6,85000,0.0,510000.0,91800.0,Anaya
ORD0588,2025-01-09,CUST223,Laptop Pro 14,Electronics,North,Corporate,1,85000,0.02,83300.0,13600.0,Anaya
ORD0589,2025-07-20,CUST192,Monitor 27-inch,Electronics,East,Consumer,2,24000,0.05,45600.0,6240.0,Rohan
ORD0590,2025-07-02,CUST223,Desk Lamp,Furniture,Central,Corporate,4,2500,0.0,10000.0,2500.0,Aarav
ORD0591,2025-01-19,CUST073,Notebook Set,Office Supplies,East,Consumer,6,450,0.15,2295.0,459.0,Anaya
ORD0592,2025-09-08,CUST191,Wireless Headphones,Electronics,South,Small Business,5,4500,0.15,19125.0,675.0,Kabir
ORD0593,2025-07-10,CUST067,Laptop Pro 14,Electronics,East,Corporate,3,85000,0.02,249900.0,40800.0,Diya
ORD0594,2025-04-02,CUST217,Premium Pen Set,Office Supplies,South,Consumer,3,700,0.1,1890.0,462.0,Aarav
ORD0595,2025-08-08,CUST144,Desk Lamp,Furniture,North,Corporate,7,2500,0.02,17150.0,4025.0,Rohan
ORD0596,2025-03-28,CUST110,USB-C Hub,Electronics,North,Corporate,6,3200,0.0,19200.0,3456.0,Aarav
ORD0597,2025-10-06,CUST045,Wireless Headphones,Electronics,Central,Consumer,1,4500,0.02,4410.0,720.0,Aarav
ORD0598,2025-01-27,CUST213,Office Chair,Furniture,East,Corporate,6,12000,0.0,72000.0,18000.0,Rohan
ORD0599,2025-01-04,CUST077,Desk Lamp,Furniture,East,Consumer,3,2500,0.05,7125.0,1500.0,Anaya
ORD0600,2025-03-11,CUST126,USB-C Hub,Electronics,North,Corporate,2,3200,0.02,6272.0,1024.0,Meera
ORD0601,2025-10-17,CUST173,Premium Pen Set,Office Supplies,West,Corporate,5,700,0.02,3430.0,1050.0,Anaya
ORD0602,2025-04-01,CUST132,Office Chair,Furniture,East,Small Business,6,12000,0.02,70560.0,16560.0,Diya
ORD0603,2025-12-07,CUST135,Desk Lamp,Furniture,West,Small Business,3,2500,0.05,7125.0,1500.0,Anaya
ORD0604,2025-07-16,CUST230,Standing Desk,Furniture,East,Corporate,3,22000,0.0,66000.0,16500.0,Aarav
ORD0605,2025-07-12,CUST035,Office Chair,Furniture,North,Small Business,2,12000,0.15,20400.0,2400.0,Anaya
ORD0606,2025-03-14,CUST188,Monitor 27-inch,Electronics,West,Small Business,1,24000,0.0,24000.0,4320.0,Aarav
ORD0607,2025-09-22,CUST027,Wireless Headphones,Electronics,North,Consumer,7,4500,0.15,26775.0,945.0,Rohan
ORD0608,2025-10-04,CUST015,Desk Lamp,Furniture,Central,Small Business,5,2500,0.02,12250.0,2875.0,Rohan
ORD0609,2025-04-28,CUST231,Desk Lamp,Furniture,West,Consumer,5,2500,0.05,11875.0,2500.0,Anaya
ORD0610,2025-08-31,CUST104,Laptop Pro 14,Electronics,East,Small Business,5,85000,0.0,425000.0,76500.0,Rohan
ORD0611,2025-02-28,CUST002,Office Chair,Furniture,South,Small Business,7,12000,0.05,79800.0,16800.0,Meera
ORD0612,2025-07-28,CUST015,Office Chair,Furniture,North,Corporate,4,12000,0.15,40800.0,4800.0,Kabir
ORD0613,2025-08-02,CUST087,Desk Lamp,Furniture,West,Corporate,5,2500,0.1,11250.0,1875.0,Rohan
ORD0614,2025-10-16,CUST200,Wireless Headphones,Electronics,West,Small Business,5,4500,0.02,22050.0,3600.0,Meera
ORD0615,2025-02-06,CUST027,Laptop Pro 14,Electronics,South,Small Business,5,85000,0.1,382500.0,34000.0,Meera
ORD0616,2025-09-05,CUST083,USB-C Hub,Electronics,North,Corporate,7,3200,0.05,21280.0,2912.0,Meera
ORD0617,2025-09-25,CUST225,Wireless Headphones,Electronics,Central,Corporate,2,4500,0.0,9000.0,1620.0,Meera
ORD0618,2025-05-04,CUST182,USB-C Hub,Electronics,East,Small Business,5,3200,0.02,15680.0,2560.0,Anaya
ORD0619,2025-07-09,CUST067,Laptop Pro 14,Electronics,South,Consumer,6,85000,0.02,499800.0,81600.0,Aarav
ORD0620,2025-03-12,CUST041,Monitor 27-inch,Electronics,South,Small Business,2,24000,0.02,47040.0,7680.0,Anaya
ORD0621,2025-03-27,CUST237,Office Chair,Furniture,North,Consumer,4,12000,0.15,40800.0,4800.0,Kabir
ORD0622,2025-05-20,CUST210,Laptop Pro 14,Electronics,West,Small Business,6,85000,0.15,433500.0,15300.0,Rohan
ORD0623,2025-08-11,CUST226,Notebook Set,Office Supplies,Central,Consumer,1,450,0.15,382.5,76.5,Kabir
ORD0624,2025-12-04,CUST233,Wireless Headphones,Electronics,Central,Corporate,1,4500,0.15,3825.0,135.0,Meera
ORD0625,2025-03-19,CUST187,USB-C Hub,Electronics,Central,Small Business,4,3200,0.1,11520.0,1024.0,Kabir
ORD0626,2025-09-07,CUST194,Wireless Headphones,Electronics,Central,Corporate,1,4500,0.1,4050.0,360.0,Rohan
ORD0627,2025-01-20,CUST150,Monitor 27-inch,Electronics,Central,Corporate,2,24000,0.15,40800.0,1440.0,Anaya
ORD0628,2025-08-23,CUST221,Laptop Pro 14,Electronics,East,Small Business,4,85000,0.1,306000.0,27200.0,Kabir
ORD0629,2025-02-05,CUST176,Desk Lamp,Furniture,South,Consumer,1,2500,0.02,2450.0,575.0,Anaya
ORD0630,2025-03-24,CUST229,Office Chair,Furniture,East,Small Business,2,12000,0.0,24000.0,6000.0,Diya
ORD0631,2025-07-25,CUST203,Office Chair,Furniture,South,Small Business,2,12000,0.02,23520.0,5520.0,Meera
ORD0632,2025-02-25,CUST241,Mechanical Keyboard,Electronics,Central,Consumer,7,5500,0.05,36575.0,5005.0,Anaya
ORD0633,2025-08-19,CUST135,USB-C Hub,Electronics,West,Corporate,6,3200,0.02,18816.0,3072.0,Meera
ORD0634,2025-01-07,CUST009,Notebook Set,Office Supplies,Central,Small Business,5,450,0.05,2137.5,607.5,Meera
ORD0635,2025-05-18,CUST083,Wireless Headphones,Electronics,North,Small Business,6,4500,0.0,27000.0,4860.0,Meera
ORD0636,2025-06-09,CUST130,Office Chair,Furniture,South,Small Business,4,12000,0.0,48000.0,12000.0,Diya
ORD0637,2025-05-17,CUST012,Wireless Headphones,Electronics,Central,Corporate,4,4500,0.15,15300.0,540.0,Diya
ORD0638,2025-04-18,CUST138,Premium Pen Set,Office Supplies,East,Consumer,3,700,0.15,1785.0,357.0,Kabir
ORD0639,2025-12-13,CUST082,Wireless Headphones,Electronics,South,Corporate,5,4500,0.1,20250.0,1800.0,Rohan
ORD0640,2025-04-06,CUST064,USB-C Hub,Electronics,East,Small Business,1,3200,0.02,3136.0,512.0,Aarav
ORD0641,2025-09-05,CUST029,Desk Lamp,Furniture,West,Consumer,5,2500,0.1,11250.0,1875.0,Meera
ORD0642,2025-05-25,CUST120,Premium Pen Set,Office Supplies,North,,5,700,0.02,3430.0,1050.0,Aarav
ORD0643,2025-12-30,CUST095,Standing Desk,Furniture,North,Corporate,5,22000,0.0,110000.0,27500.0,Meera
ORD0644,2025-10-29,CUST093,Premium Pen Set,Office Supplies,East,Consumer,6,700,0.05,3990.0,1134.0,Meera
ORD0645,2025-11-10,CUST233,Mechanical Keyboard,Electronics,North,Consumer,5,5500,0.15,23375.0,825.0,Anaya
ORD0646,2025-11-02,CUST089,Office Chair,Furniture,North,Small Business,1,12000,0.02,11760.0,2760.0,Diya
ORD0647,2025-06-12,CUST217,Office Chair,Furniture,South,Consumer,1,12000,0.1,10800.0,1800.0,Aarav
ORD0648,2025-05-27,CUST214,Mechanical Keyboard,Electronics,West,Corporate,4,5500,0.0,22000.0,3960.0,Anaya
ORD0649,2025-02-15,CUST205,Monitor 27-inch,Electronics,South,Small Business,5,24000,0.15,102000.0,3600.0,Anaya
ORD0650,2025-05-29,CUST235,Standing Desk,Furniture,Central,Corporate,1,22000,0.02,21560.0,5060.0,Anaya
ORD0651,2025-09-01,CUST131,Standing Desk,Furniture,East,Small Business,3,22000,0.15,56100.0,6600.0,Rohan
ORD0652,2025-02-22,CUST116,Standing Desk,Furniture,West,Small Business,1,22000,0.0,22000.0,5500.0,Diya
ORD0653,2025-05-09,CUST076,Monitor 27-inch,Electronics,Central,Small Business,5,24000,0.0,120000.0,21600.0,Rohan
ORD0654,2025-10-10,CUST022,Notebook Set,Office Supplies,South,Consumer,4,450,0.02,1764.0,540.0,Kabir
ORD0655,2025-11-11,CUST140,Mechanical Keyboard,Electronics,Central,Small Business,2,5500,0.02,10780.0,1760.0,Anaya
ORD0656,2025-12-17,CUST088,Office Chair,Furniture,South,Corporate,7,12000,0.15,71400.0,8400.0,Anaya
ORD0657,2025-06-04,CUST179,USB-C Hub,Electronics,East,Corporate,4,3200,0.0,12800.0,2304.0,Kabir
ORD0658,2025-03-30,CUST249,Laptop Pro 14,Electronics,North,Corporate,3,85000,0.1,229500.0,20400.0,Kabir
ORD0659,2025-08-19,CUST175,Desk Lamp,Furniture,East,Consumer,7,2500,0.05,16625.0,3500.0,Kabir
ORD0660,2025-03-18,CUST063,Mechanical Keyboard,Electronics,Central,Corporate,4,5500,0.1,19800.0,1760.0,Diya
ORD0661,2025-10-05,CUST248,Monitor 27-inch,Electronics,East,Consumer,6,24000,0.15,122400.0,4320.0,Anaya
ORD0662,2025-11-18,CUST085,Mechanical Keyboard,Electronics,West,Small Business,3,5500,0.15,14025.0,495.0,Rohan
ORD0663,2025-11-05,CUST017,Laptop Pro 14,Electronics,Central,Consumer,5,85000,0.0,425000.0,76500.0,Kabir
ORD0664,2025-09-29,CUST017,Mechanical Keyboard,Electronics,East,Small Business,6,5500,0.02,32340.0,5280.0,Anaya
ORD0665,2025-07-26,CUST135,Mechanical Keyboard,Electronics,North,Small Business,3,5500,0.05,15675.0,2145.0,Diya
ORD0666,2025-05-25,CUST229,Office Chair,Furniture,South,Corporate,6,12000,0.1,64800.0,10800.0,Diya
ORD0667,2025-10-22,CUST098,Wireless Headphones,Electronics,Central,Corporate,4,4500,0.05,17100.0,2340.0,Aarav
ORD0668,2025-06-20,CUST076,Monitor 27-inch,Electronics,West,Corporate,5,24000,0.02,117600.0,19200.0,Kabir
ORD0669,2025-06-22,CUST078,Mechanical Keyboard,Electronics,East,Consumer,3,5500,0.05,15675.0,2145.0,Meera
ORD0670,2025-10-26,CUST174,Wireless Headphones,Electronics,West,Consumer,4,4500,0.1,16200.0,1440.0,Kabir
ORD0671,2025-11-08,CUST069,Premium Pen Set,Office Supplies,North,Consumer,6,700,0.05,3990.0,1134.0,Meera
ORD0672,2025-09-27,CUST091,Premium Pen Set,Office Supplies,South,Small Business,2,700,0.1,1260.0,308.0,Rohan
ORD0673,2025-07-06,CUST042,Wireless Headphones,Electronics,Central,Corporate,2,4500,0.05,8550.0,1170.0,Kabir
ORD0674,2025-12-27,CUST125,Laptop Pro 14,Electronics,Central,Consumer,7,85000,0.02,583100.0,95200.0,Aarav
ORD0675,2025-01-12,CUST236,Desk Lamp,Furniture,South,Small Business,6,2500,0.05,14250.0,3000.0,Anaya
ORD0676,2025-07-14,CUST007,Desk Lamp,Furniture,South,Small Business,5,2500,0.1,11250.0,1875.0,Rohan
ORD0677,2025-06-20,CUST127,Notebook Set,Office Supplies,Central,Consumer,5,450,0.0,2250.0,720.0,Diya
ORD0678,2025-08-23,CUST201,Office Chair,Furniture,Central,Consumer,2,12000,0.05,22800.0,4800.0,Diya
ORD0679,2025-02-20,CUST008,Office Chair,Furniture,Central,Small Business,2,12000,0.15,20400.0,2400.0,Diya
ORD0680,2025-12-28,CUST102,Office Chair,Furniture,North,Corporate,4,12000,0.05,45600.0,9600.0,Meera
ORD0681,2025-10-22,CUST063,Notebook Set,Office Supplies,South,Small Business,4,450,0.15,1530.0,306.0,Kabir
ORD0682,2025-09-28,CUST211,Standing Desk,Furniture,West,Consumer,2,22000,0.02,43120.0,10120.0,Aarav
ORD0683,2025-11-22,CUST225,Wireless Headphones,Electronics,North,Small Business,3,4500,0.05,12825.0,1755.0,Diya
ORD0684,2025-05-02,CUST139,Wireless Headphones,Electronics,South,Corporate,4,4500,0.0,18000.0,3240.0,Kabir
ORD0685,2025-07-13,CUST065,Monitor 27-inch,Electronics,West,Consumer,2,24000,0.0,48000.0,8640.0,Meera
ORD0686,2025-11-05,CUST134,USB-C Hub,Electronics,North,Consumer,1,3200,0.02,3136.0,512.0,Rohan
ORD0687,2025-10-13,CUST045,Desk Lamp,Furniture,South,Small Business,3,2500,0.05,7125.0,1500.0,Diya
ORD0688,2025-01-13,CUST237,Monitor 27-inch,Electronics,South,Consumer,4,24000,0.15,81600.0,2880.0,Rohan
ORD0689,2025-01-30,CUST142,Notebook Set,Office Supplies,Central,Corporate,6,450,0.0,2700.0,864.0,Rohan
ORD0690,2025-09-12,CUST132,USB-C Hub,Electronics,West,Corporate,7,3200,0.05,21280.0,2912.0,Meera
ORD0691,2025-12-02,CUST154,Standing Desk,Furniture,North,Corporate,5,22000,0.1,99000.0,16500.0,Diya
ORD0692,2025-12-11,CUST127,Laptop Pro 14,Electronics,East,Consumer,1,85000,0.05,80750.0,11050.0,Rohan
ORD0693,2025-12-28,CUST072,Laptop Pro 14,Electronics,North,Consumer,6,85000,0.15,433500.0,15300.0,Rohan
ORD0694,2025-01-18,CUST055,Mechanical Keyboard,Electronics,West,Corporate,7,5500,0.0,38500.0,6930.0,Kabir
ORD0695,2025-07-07,CUST026,Premium Pen Set,Office Supplies,South,Corporate,5,700,0.05,3325.0,945.0,Aarav
ORD0696,2025-02-07,CUST024,Standing Desk,Furniture,West,Consumer,1,22000,0.1,19800.0,3300.0,Kabir
ORD0697,2025-09-10,CUST060,Office Chair,Furniture,West,Small Business,2,12000,0.1,21600.0,3600.0,Meera
ORD0698,2025-05-21,CUST135,Notebook Set,Office Supplies,Central,Small Business,7,450,0.05,2992.5,850.5,Aarav
ORD0699,2025-12-27,CUST203,Standing Desk,Furniture,Central,Consumer,6,22000,0.02,129360.0,30360.0,Meera
ORD0700,2025-05-09,CUST134,Notebook Set,Office Supplies,West,Small Business,5,450,0.15,1912.5,382.5,Rohan
ORD0701,2025-06-29,CUST153,Office Chair,Furniture,North,Corporate,7,12000,0.0,84000.0,21000.0,Meera
ORD0702,2025-03-31,CUST160,Premium Pen Set,Office Supplies,South,Corporate,1,700,0.02,686.0,210.0,Rohan
ORD0703,2025-03-02,CUST006,Monitor 27-inch,Electronics,North,Consumer,2,24000,0.15,40800.0,1440.0,Anaya
ORD0704,2025-01-15,CUST112,Mechanical Keyboard,Electronics,North,Corporate,5,5500,0.05,26125.0,3575.0,Meera
ORD0705,2025-08-06,CUST064,Notebook Set,Office Supplies,East,Consumer,2,450,0.1,810.0,198.0,Anaya
ORD0706,2025-09-05,CUST153,Monitor 27-inch,Electronics,North,Small Business,3,24000,0.1,64800.0,5760.0,Anaya
ORD0707,2025-09-27,CUST015,USB-C Hub,Electronics,East,Consumer,7,3200,0.15,19040.0,672.0,Diya
ORD0708,2025-09-26,CUST033,Desk Lamp,Furniture,South,Small Business,6,2500,0.05,14250.0,3000.0,Kabir
ORD0709,2025-10-29,CUST190,Notebook Set,Office Supplies,West,Corporate,4,450,0.02,1764.0,540.0,Meera
ORD0710,2025-04-09,CUST131,USB-C Hub,Electronics,South,Corporate,5,3200,0.05,15200.0,2080.0,Aarav
ORD0711,2025-06-08,CUST136,Wireless Headphones,Electronics,East,Small Business,6,4500,0.02,26460.0,4320.0,Diya
ORD0712,2025-08-03,CUST222,Monitor 27-inch,Electronics,South,,2,24000,0.02,47040.0,7680.0,Aarav
ORD0713,2025-05-18,CUST156,Laptop Pro 14,Electronics,South,Consumer,6,85000,0.1,459000.0,40800.0,Kabir
ORD0714,2025-04-28,CUST135,Office Chair,Furniture,West,Consumer,6,12000,0.05,68400.0,14400.0,Anaya
ORD0715,2025-06-07,CUST050,Standing Desk,Furniture,West,Consumer,5,22000,0.15,93500.0,11000.0,Kabir
ORD0716,2025-07-11,CUST054,USB-C Hub,Electronics,South,Corporate,3,3200,0.1,8640.0,768.0,Aarav
ORD0717,2025-02-15,CUST211,Standing Desk,Furniture,East,Corporate,3,22000,0.15,56100.0,6600.0,Meera
ORD0718,2025-01-14,CUST188,Mechanical Keyboard,Electronics,West,Small Business,7,5500,0.02,37730.0,6160.0,Kabir
ORD0719,2025-04-02,CUST231,Laptop Pro 14,Electronics,North,Small Business,1,85000,0.05,80750.0,11050.0,Diya
ORD0720,2025-05-27,CUST083,Wireless Headphones,Electronics,East,Corporate,2,4500,0.0,9000.0,1620.0,Aarav
ORD0721,2025-02-04,CUST079,Wireless Headphones,Electronics,East,Consumer,2,4500,0.0,9000.0,1620.0,Diya
ORD0722,2025-03-22,CUST103,Standing Desk,Furniture,North,Corporate,4,22000,0.02,86240.0,20240.0,Anaya
ORD0723,2025-02-16,CUST049,Office Chair,Furniture,North,Small Business,1,12000,0.1,10800.0,1800.0,Anaya
ORD0724,2025-08-11,CUST137,Notebook Set,Office Supplies,Central,Small Business,5,450,0.1,2025.0,495.0,Aarav
ORD0725,2025-03-16,CUST218,Office Chair,Furniture,West,Corporate,7,12000,0.05,79800.0,16800.0,Kabir
ORD0726,2025-12-06,CUST077,Wireless Headphones,Electronics,North,Corporate,3,4500,0.05,12825.0,1755.0,Anaya
ORD0727,2025-08-25,CUST075,Standing Desk,Furniture,Central,Corporate,3,22000,0.1,59400.0,9900.0,Aarav
ORD0728,2025-07-27,CUST154,Standing Desk,Furniture,West,Small Business,7,22000,0.02,150920.0,35420.0,Aarav
ORD0729,2025-09-03,CUST030,Notebook Set,Office Supplies,East,Consumer,4,450,0.0,1800.0,576.0,Aarav
ORD0730,2025-11-08,CUST220,Desk Lamp,Furniture,North,Consumer,2,2500,0.02,4900.0,1150.0,Rohan
ORD0731,2025-01-03,CUST219,Monitor 27-inch,Electronics,North,Consumer,7,24000,0.05,159600.0,21840.0,Rohan
ORD0732,2025-08-04,CUST064,Premium Pen Set,Office Supplies,West,Corporate,1,700,0.0,700.0,224.0,Meera
ORD0733,2025-09-12,CUST129,Standing Desk,Furniture,East,Corporate,3,22000,0.02,64680.0,15180.0,Diya
ORD0734,2025-11-18,CUST232,USB-C Hub,Electronics,West,Small Business,4,3200,0.1,11520.0,1024.0,Kabir
ORD0735,2025-02-01,CUST229,Monitor 27-inch,Electronics,South,Corporate,3,24000,0.1,64800.0,5760.0,Aarav
ORD0736,2025-03-23,CUST033,Wireless Headphones,Electronics,Central,Small Business,7,4500,0.15,26775.0,945.0,Diya
ORD0737,2025-06-02,CUST032,Premium Pen Set,Office Supplies,South,Corporate,2,700,0.1,1260.0,308.0,Rohan
ORD0738,2025-11-16,CUST233,Laptop Pro 14,Electronics,North,Consumer,7,85000,0.1,535500.0,47600.0,Rohan
ORD0739,2025-11-30,CUST199,Wireless Headphones,Electronics,East,Consumer,2,4500,0.05,8550.0,1170.0,Kabir
ORD0740,2025-01-05,CUST082,Premium Pen Set,Office Supplies,South,Small Business,2,700,0.05,1330.0,378.0,Anaya
ORD0741,2025-12-20,CUST228,Wireless Headphones,Electronics,North,Small Business,6,4500,0.1,24300.0,2160.0,Meera
ORD0742,2025-07-18,CUST085,Wireless Headphones,Electronics,South,Small Business,2,4500,0.15,7650.0,270.0,Diya
ORD0743,2025-03-08,CUST064,Wireless Headphones,Electronics,East,Consumer,5,4500,0.15,19125.0,675.0,Meera
ORD0744,2025-12-06,CUST234,Mechanical Keyboard,Electronics,East,Corporate,1,5500,0.02,5390.0,880.0,Rohan
ORD0745,2025-09-17,CUST055,Wireless Headphones,Electronics,West,Corporate,5,4500,0.1,20250.0,1800.0,Anaya
ORD0746,2025-04-12,CUST186,Wireless Headphones,Electronics,North,Small Business,5,4500,0.15,19125.0,675.0,Meera
ORD0747,2025-03-30,CUST125,Wireless Headphones,Electronics,North,Small Business,1,4500,0.1,4050.0,360.0,Meera
ORD0748,2025-08-11,CUST152,USB-C Hub,Electronics,West,Small Business,2,3200,0.02,6272.0,1024.0,Rohan
ORD0749,2025-07-20,CUST217,Wireless Headphones,Electronics,East,Consumer,3,4500,0.15,11475.0,405.0,Kabir
ORD0750,2025-03-18,CUST214,Desk Lamp,Furniture,Central,Small Business,5,2500,0.0,12500.0,3125.0,Aarav
ORD0751,2025-08-05,CUST117,Premium Pen Set,Office Supplies,South,Consumer,6,700,0.1,3780.0,924.0,Rohan
ORD0752,2025-10-10,CUST165,Laptop Pro 14,Electronics,East,Corporate,1,85000,0.02,83300.0,13600.0,Aarav
ORD0753,2025-10-02,CUST065,Office Chair,Furniture,South,Consumer,1,12000,0.1,10800.0,1800.0,Anaya
ORD0754,2025-09-12,CUST133,Standing Desk,Furniture,South,Small Business,6,22000,0.05,125400.0,26400.0,Rohan
ORD0755,2025-02-03,CUST146,Monitor 27-inch,Electronics,South,Corporate,7,24000,0.02,164640.0,26880.0,Diya
ORD0756,2025-09-28,CUST149,Office Chair,Furniture,East,Consumer,3,12000,0.02,35280.0,8280.0,Meera
ORD0757,2025-02-21,CUST098,Wireless Headphones,Electronics,South,Small Business,3,4500,0.05,12825.0,1755.0,Anaya
ORD0758,2025-05-18,CUST118,Laptop Pro 14,Electronics,West,Corporate,5,85000,0.1,382500.0,34000.0,Aarav
ORD0759,2025-03-25,CUST038,Office Chair,Furniture,Central,Consumer,2,12000,0.02,23520.0,5520.0,Rohan
ORD0760,2025-01-02,CUST076,Monitor 27-inch,Electronics,North,Corporate,5,24000,0.15,102000.0,3600.0,Meera
ORD0761,2025-12-04,CUST169,Desk Lamp,Furniture,West,Corporate,3,2500,0.02,7350.0,1725.0,Kabir
ORD0762,2025-12-23,CUST044,Office Chair,Furniture,East,Consumer,6,12000,0.02,70560.0,16560.0,Meera
ORD0763,2025-04-01,CUST052,Premium Pen Set,Office Supplies,Central,Corporate,7,700,0.1,4410.0,1078.0,Aarav
ORD0764,2025-10-13,CUST152,Desk Lamp,Furniture,West,Small Business,5,2500,0.0,12500.0,3125.0,Kabir
ORD0765,2025-02-25,CUST211,Standing Desk,Furniture,South,Corporate,5,22000,0.0,110000.0,27500.0,Diya
ORD0766,2025-06-11,CUST035,Mechanical Keyboard,Electronics,South,Consumer,5,5500,0.15,23375.0,825.0,Anaya
ORD0767,2025-06-12,CUST229,Office Chair,Furniture,East,Corporate,3,12000,0.0,36000.0,9000.0,Diya
ORD0768,2025-06-13,CUST080,Wireless Headphones,Electronics,North,Corporate,6,4500,0.0,27000.0,4860.0,Anaya
ORD0769,2025-09-22,CUST025,Laptop Pro 14,Electronics,Central,Consumer,6,85000,0.05,484500.0,66300.0,Anaya
ORD0770,2025-08-11,CUST022,Premium Pen Set,Office Supplies,West,Small Business,3,700,0.0,2100.0,672.0,Diya
ORD0771,2025-02-11,CUST063,Mechanical Keyboard,Electronics,West,Consumer,2,5500,0.02,10780.0,1760.0,Rohan
ORD0772,2025-04-26,CUST233,Desk Lamp,Furniture,South,Corporate,6,2500,0.05,14250.0,3000.0,Kabir
ORD0773,2025-12-02,CUST098,Monitor 27-inch,Electronics,Central,Consumer,4,24000,0.1,86400.0,7680.0,Anaya
ORD0774,2025-12-19,CUST033,Wireless Headphones,Electronics,East,Small Business,6,4500,0.02,26460.0,4320.0,Aarav
ORD0775,2025-05-23,CUST155,Mechanical Keyboard,Electronics,South,Consumer,1,5500,0.02,5390.0,880.0,Diya
ORD0776,2025-03-13,CUST014,USB-C Hub,Electronics,Central,Small Business,7,3200,0.02,21952.0,3584.0,Rohan
ORD0777,2025-09-04,CUST145,Mechanical Keyboard,Electronics,South,Small Business,5,5500,0.0,27500.0,4950.0,Meera
ORD0778,2025-12-09,CUST071,Standing Desk,Furniture,South,Small Business,2,22000,0.0,44000.0,11000.0,Diya
ORD0779,2025-08-28,CUST002,Office Chair,Furniture,East,Corporate,5,12000,0.05,57000.0,12000.0,Meera
ORD0780,2025-09-03,CUST203,Wireless Headphones,Electronics,South,Small Business,2,4500,0.1,8100.0,720.0,Diya
ORD0781,2025-05-02,CUST201,Premium Pen Set,Office Supplies,South,Small Business,2,700,0.15,1190.0,238.0,Kabir
ORD0782,2025-03-12,CUST069,Laptop Pro 14,Electronics,East,Consumer,2,85000,0.1,153000.0,13600.0,Aarav
ORD0783,2025-12-11,CUST032,Premium Pen Set,Office Supplies,East,Consumer,5,700,0.1,3150.0,770.0,Anaya
ORD0784,2025-01-16,CUST069,Notebook Set,Office Supplies,West,Corporate,1,450,0.1,405.0,99.0,Rohan
ORD0785,2025-01-21,CUST018,Notebook Set,Office Supplies,West,Consumer,6,450,0.05,2565.0,729.0,Kabir
ORD0786,2025-03-05,CUST117,Laptop Pro 14,Electronics,Central,Consumer,3,85000,0.05,242250.0,33150.0,Aarav
ORD0787,2025-08-22,CUST009,Mechanical Keyboard,Electronics,West,Consumer,6,5500,0.05,31350.0,4290.0,Rohan
ORD0788,2025-03-09,CUST085,Wireless Headphones,Electronics,North,Consumer,7,4500,0.02,30870.0,5040.0,Meera
ORD0789,2025-02-15,CUST099,Office Chair,Furniture,North,Corporate,3,12000,0.15,30600.0,3600.0,Diya
ORD0790,2025-01-21,CUST196,Laptop Pro 14,Electronics,Central,Corporate,1,85000,0.15,72250.0,2550.0,Diya
ORD0791,2025-12-18,CUST236,Monitor 27-inch,Electronics,North,Consumer,7,24000,0.0,168000.0,30240.0,Rohan
ORD0792,2025-09-10,CUST058,Laptop Pro 14,Electronics,North,Consumer,5,85000,0.0,425000.0,76500.0,Diya
ORD0793,2025-08-09,CUST075,Notebook Set,Office Supplies,Central,Corporate,1,450,0.15,382.5,76.5,Rohan
ORD0794,2025-12-26,CUST120,Wireless Headphones,Electronics,West,Corporate,5,4500,0.05,21375.0,2925.0,Aarav
ORD0795,2025-05-14,CUST175,Wireless Headphones,Electronics,North,Consumer,7,4500,0.1,28350.0,2520.0,Meera
ORD0796,2025-04-04,CUST204,Premium Pen Set,Office Supplies,East,Small Business,7,700,0.1,4410.0,1078.0,Diya
ORD0797,2025-01-30,CUST235,Laptop Pro 14,Electronics,West,Consumer,1,85000,0.15,72250.0,2550.0,Anaya
ORD0798,2025-04-16,CUST073,Wireless Headphones,Electronics,North,Corporate,2,4500,0.05,8550.0,1170.0,Aarav
ORD0799,2025-09-13,CUST055,Mechanical Keyboard,Electronics,West,Small Business,4,5500,0.05,20900.0,2860.0,Kabir
ORD0800,2025-02-04,CUST142,Mechanical Keyboard,Electronics,North,Corporate,4,5500,0.05,20900.0,2860.0,Anaya
ORD0801,2025-12-03,CUST204,Notebook Set,Office Supplies,Central,Small Business,6,450,0.02,2646.0,810.0,Meera
ORD0802,2025-06-02,CUST022,Notebook Set,Office Supplies,North,Consumer,7,450,0.15,2677.5,535.5,Aarav
ORD0803,2025-02-04,CUST157,Mechanical Keyboard,Electronics,South,Consumer,1,5500,0.15,4675.0,165.0,Rohan
ORD0804,2025-08-04,CUST169,USB-C Hub,Electronics,North,Small Business,6,3200,0.15,16320.0,576.0,Rohan
ORD0805,2025-01-05,CUST205,Mechanical Keyboard,Electronics,South,Consumer,3,5500,0.1,14850.0,1320.0,Diya
ORD0806,2025-10-24,CUST009,Desk Lamp,Furniture,West,Consumer,2,2500,0.05,4750.0,1000.0,Rohan
ORD0807,2025-10-22,CUST246,Wireless Headphones,Electronics,West,Corporate,1,4500,0.1,4050.0,360.0,Diya
ORD0808,2025-06-26,CUST043,Mechanical Keyboard,Electronics,East,Consumer,5,5500,0.02,26950.0,4400.0,Aarav
ORD0809,2025-02-06,CUST129,Wireless Headphones,Electronics,North,Consumer,4,4500,0.02,17640.0,2880.0,Aarav
ORD0810,2025-04-14,CUST061,Standing Desk,Furniture,South,Small Business,7,22000,0.02,150920.0,35420.0,Diya
ORD0811,2025-07-25,CUST179,Premium Pen Set,Office Supplies,Central,Small Business,7,700,0.15,4165.0,833.0,Diya
ORD0812,2025-07-23,CUST075,Wireless Headphones,Electronics,South,Consumer,1,4500,0.15,3825.0,135.0,Rohan
ORD0813,2025-06-22,CUST031,Premium Pen Set,Office Supplies,Central,Corporate,7,700,0.02,4802.0,1470.0,Meera
ORD0814,2025-06-28,CUST169,Standing Desk,Furniture,North,Consumer,2,22000,0.15,37400.0,4400.0,Rohan
ORD0815,2025-04-23,CUST069,Laptop Pro 14,Electronics,East,Consumer,1,85000,0.15,72250.0,2550.0,Aarav
ORD0816,2025-09-12,CUST075,Laptop Pro 14,Electronics,North,Consumer,1,85000,0.0,85000.0,15300.0,Kabir
ORD0817,2025-03-25,CUST125,Desk Lamp,Furniture,North,Small Business,3,2500,0.0,7500.0,1875.0,Rohan
ORD0818,2025-02-21,CUST235,Office Chair,Furniture,Central,Consumer,7,12000,0.02,82320.0,19320.0,Meera
ORD0819,2025-09-17,CUST143,Wireless Headphones,Electronics,West,Corporate,5,4500,0.1,20250.0,1800.0,Rohan
ORD0820,2025-07-14,CUST036,Wireless Headphones,Electronics,South,Small Business,4,4500,0.05,17100.0,2340.0,Aarav
ORD0821,2025-01-13,CUST009,Premium Pen Set,Office Supplies,South,Consumer,5,700,0.05,3325.0,945.0,Aarav
ORD0822,2025-08-22,CUST008,Wireless Headphones,Electronics,West,Consumer,2,4500,0.15,7650.0,270.0,Kabir
ORD0823,2025-06-08,CUST116,Laptop Pro 14,Electronics,South,Corporate,1,85000,0.0,85000.0,15300.0,Rohan
ORD0824,2025-06-29,CUST060,Monitor 27-inch,Electronics,East,Consumer,5,24000,0.05,114000.0,15600.0,Anaya
ORD0825,2025-07-01,CUST216,Office Chair,Furniture,East,Consumer,6,12000,0.15,61200.0,7200.0,Aarav
ORD0826,2025-04-27,CUST112,Wireless Headphones,Electronics,South,Small Business,7,4500,0.05,29925.0,4095.0,Anaya
ORD0827,2025-01-18,CUST231,Laptop Pro 14,Electronics,North,Consumer,6,85000,0.02,499800.0,81600.0,Aarav
ORD0828,2025-01-27,CUST030,Standing Desk,Furniture,Central,Small Business,5,22000,0.02,107800.0,25300.0,Anaya
ORD0829,2025-08-14,CUST110,Notebook Set,Office Supplies,South,Corporate,4,450,0.1,1620.0,396.0,Aarav
ORD0830,2025-02-07,CUST025,Wireless Headphones,Electronics,North,Small Business,6,4500,0.15,22950.0,810.0,Diya
ORD0831,2025-06-08,CUST200,Office Chair,Furniture,West,Consumer,1,12000,0.15,10200.0,1200.0,Rohan
ORD0832,2025-11-06,CUST233,Notebook Set,Office Supplies,East,Consumer,5,450,0.02,2205.0,675.0,Anaya
ORD0833,2025-03-23,CUST017,Desk Lamp,Furniture,Central,Corporate,4,2500,0.05,9500.0,2000.0,Diya
ORD0834,2025-03-30,CUST113,Premium Pen Set,Office Supplies,South,Consumer,1,700,0.0,700.0,224.0,Kabir
ORD0835,2025-11-19,CUST202,Office Chair,Furniture,South,Small Business,4,12000,0.05,45600.0,9600.0,Meera
ORD0836,2025-10-27,CUST094,Wireless Headphones,Electronics,North,Consumer,3,4500,0.1,12150.0,1080.0,Aarav
ORD0837,2025-09-03,CUST208,Premium Pen Set,Office Supplies,West,Consumer,4,700,0.05,2660.0,756.0,Meera
ORD0838,2025-05-24,CUST223,Desk Lamp,Furniture,North,Corporate,6,2500,0.02,14700.0,3450.0,Aarav
ORD0839,2025-05-01,CUST051,Desk Lamp,Furniture,East,Consumer,1,2500,0.0,2500.0,625.0,Kabir
ORD0840,2025-06-25,CUST142,Notebook Set,Office Supplies,West,Consumer,4,450,0.15,1530.0,306.0,Rohan
ORD0841,2025-05-07,CUST069,Desk Lamp,Furniture,East,Small Business,3,2500,0.0,7500.0,1875.0,Meera
ORD0842,2025-05-01,CUST147,Wireless Headphones,Electronics,West,Consumer,3,4500,0.1,12150.0,1080.0,Meera
ORD0843,2025-06-10,CUST001,Office Chair,Furniture,Central,Corporate,1,12000,0.02,11760.0,2760.0,Aarav
ORD0844,2025-03-01,CUST091,Desk Lamp,Furniture,East,Small Business,6,2500,0.0,15000.0,3750.0,Kabir
ORD0845,2025-12-01,CUST132,Premium Pen Set,Office Supplies,East,Consumer,1,700,0.1,630.0,154.0,Anaya
ORD0846,2025-11-13,CUST121,Laptop Pro 14,Electronics,Central,Corporate,3,85000,0.0,255000.0,45900.0,Meera
ORD0847,2025-09-08,CUST242,Notebook Set,Office Supplies,East,Small Business,2,450,0.05,855.0,243.0,Anaya
ORD0848,2025-04-09,CUST220,Notebook Set,Office Supplies,North,Corporate,4,450,0.0,1800.0,576.0,Rohan
ORD0849,2025-01-11,CUST062,Mechanical Keyboard,Electronics,West,Small Business,7,5500,0.1,34650.0,3080.0,Anaya
ORD0850,2025-02-10,CUST020,Desk Lamp,Furniture,West,Corporate,1,2500,0.1,2250.0,375.0,Meera
ORD0851,2025-11-01,CUST111,Desk Lamp,Furniture,East,,1,2500,0.05,2375.0,500.0,Anaya
ORD0852,2025-10-24,CUST104,Laptop Pro 14,Electronics,East,Corporate,7,85000,0.15,505750.0,17850.0,Diya
ORD0853,2025-02-06,CUST198,Desk Lamp,Furniture,West,Small Business,4,2500,0.1,9000.0,1500.0,Aarav
ORD0854,2025-01-20,CUST119,Notebook Set,Office Supplies,South,Corporate,4,450,0.05,1710.0,486.0,Diya
ORD0855,2025-10-15,CUST179,Standing Desk,Furniture,North,Consumer,5,22000,0.0,110000.0,27500.0,Anaya
ORD0856,2025-05-05,CUST069,Mechanical Keyboard,Electronics,West,Consumer,7,5500,0.05,36575.0,5005.0,Kabir
ORD0857,2025-07-12,CUST170,Office Chair,Furniture,North,Small Business,2,12000,0.02,23520.0,5520.0,Anaya
ORD0858,2025-10-27,CUST182,Premium Pen Set,Office Supplies,East,Consumer,7,700,0.05,4655.0,1323.0,Meera
ORD0859,2025-04-01,CUST187,USB-C Hub,Electronics,North,Consumer,7,3200,0.05,21280.0,2912.0,Meera
ORD0860,2025-04-28,CUST111,USB-C Hub,Electronics,North,Corporate,3,3200,0.05,9120.0,1248.0,Meera
ORD0861,2025-03-10,CUST012,Office Chair,Furniture,North,Small Business,2,12000,0.1,21600.0,3600.0,Kabir
ORD0862,2025-05-03,CUST006,Wireless Headphones,Electronics,West,Small Business,7,4500,0.0,31500.0,5670.0,Rohan
ORD0863,2025-10-27,CUST010,Mechanical Keyboard,Electronics,West,Small Business,3,5500,0.15,14025.0,495.0,Meera
ORD0864,2025-01-13,CUST040,Premium Pen Set,Office Supplies,Central,Corporate,1,700,0.0,700.0,224.0,Rohan
ORD0865,2025-11-26,CUST008,Mechanical Keyboard,Electronics,North,Consumer,7,5500,0.0,38500.0,6930.0,Rohan
ORD0866,2025-10-16,CUST088,Mechanical Keyboard,Electronics,North,Corporate,4,5500,0.05,20900.0,2860.0,Diya
ORD0867,2025-10-17,CUST018,Monitor 27-inch,Electronics,West,Corporate,6,24000,0.0,144000.0,25920.0,Diya
ORD0868,2025-12-19,CUST204,Standing Desk,Furniture,East,Corporate,3,22000,0.1,59400.0,9900.0,Kabir
ORD0869,2025-05-30,CUST094,Monitor 27-inch,Electronics,East,Small Business,4,24000,0.05,91200.0,12480.0,Kabir
ORD0870,2025-11-28,CUST044,Desk Lamp,Furniture,Central,Consumer,6,2500,0.05,14250.0,3000.0,Meera
ORD0871,2025-09-15,CUST021,Mechanical Keyboard,Electronics,Central,Small Business,4,5500,0.02,21560.0,3520.0,Meera
ORD0872,2025-10-01,CUST055,Notebook Set,Office Supplies,West,Consumer,5,450,0.0,2250.0,720.0,Rohan
ORD0873,2025-07-01,CUST074,Monitor 27-inch,Electronics,East,Small Business,2,24000,0.1,43200.0,3840.0,Aarav
ORD0874,2025-08-11,CUST093,USB-C Hub,Electronics,North,Corporate,6,3200,0.05,18240.0,2496.0,Rohan
ORD0875,2025-10-04,CUST086,Mechanical Keyboard,Electronics,South,Corporate,6,5500,0.1,29700.0,2640.0,Anaya
ORD0876,2025-07-28,CUST097,USB-C Hub,Electronics,North,Corporate,3,3200,0.15,8160.0,288.0,Meera
ORD0877,2025-07-26,CUST186,USB-C Hub,Electronics,East,Corporate,6,3200,0.0,19200.0,3456.0,Rohan
ORD0878,2025-04-12,CUST130,Premium Pen Set,Office Supplies,Central,Corporate,5,700,0.05,3325.0,945.0,Rohan
ORD0879,2025-12-21,CUST112,Wireless Headphones,Electronics,Central,Small Business,7,4500,0.02,30870.0,5040.0,Rohan
ORD0880,2025-03-04,CUST018,USB-C Hub,Electronics,East,Small Business,5,3200,0.15,13600.0,480.0,Rohan
ORD0881,2025-11-13,CUST211,Notebook Set,Office Supplies,North,Corporate,4,450,0.1,1620.0,396.0,Kabir
ORD0882,2025-06-07,CUST170,Monitor 27-inch,Electronics,North,Small Business,4,24000,0.15,81600.0,2880.0,Aarav
ORD0883,2025-06-26,CUST122,Office Chair,Furniture,North,Small Business,6,12000,0.15,61200.0,7200.0,Aarav
ORD0884,2025-03-01,CUST157,Laptop Pro 14,Electronics,West,Consumer,4,85000,0.0,340000.0,61200.0,Rohan
ORD0885,2025-08-05,CUST204,Premium Pen Set,Office Supplies,North,Consumer,2,700,0.1,1260.0,308.0,Diya
ORD0886,2025-07-18,CUST136,Office Chair,Furniture,Central,Corporate,7,12000,0.1,75600.0,12600.0,Diya
ORD0887,2025-06-21,CUST106,Wireless Headphones,Electronics,East,Small Business,3,4500,0.1,12150.0,1080.0,Anaya
ORD0888,2025-11-07,CUST115,Wireless Headphones,Electronics,Central,Corporate,1,4500,0.02,4410.0,720.0,Meera
ORD0889,2025-07-09,CUST071,Mechanical Keyboard,Electronics,South,Consumer,3,5500,0.0,16500.0,2970.0,Rohan
ORD0890,2025-12-04,CUST128,USB-C Hub,Electronics,West,Corporate,4,3200,0.05,12160.0,1664.0,Meera
ORD0891,2025-07-03,CUST019,Notebook Set,Office Supplies,Central,Small Business,5,450,0.1,2025.0,495.0,Diya
ORD0892,2025-10-24,CUST197,Mechanical Keyboard,Electronics,Central,Consumer,7,5500,0.02,37730.0,6160.0,Kabir
ORD0893,2025-04-22,CUST045,Notebook Set,Office Supplies,West,Small Business,6,450,0.02,2646.0,810.0,Aarav
ORD0894,2025-06-12,CUST071,Mechanical Keyboard,Electronics,South,Corporate,3,5500,0.15,14025.0,495.0,Kabir
ORD0895,2025-04-04,CUST183,Wireless Headphones,Electronics,West,Consumer,6,4500,0.05,25650.0,3510.0,Aarav
ORD0896,2025-10-17,CUST157,Laptop Pro 14,Electronics,East,Corporate,6,85000,0.1,459000.0,40800.0,Rohan
ORD0897,2025-10-20,CUST249,Office Chair,Furniture,South,Consumer,7,12000,0.15,71400.0,8400.0,Kabir
ORD0898,2025-04-17,CUST112,Monitor 27-inch,Electronics,Central,Consumer,6,24000,0.02,141120.0,23040.0,Diya
ORD0899,2025-02-01,CUST066,Mechanical Keyboard,Electronics,North,Corporate,6,5500,0.05,31350.0,4290.0,Anaya
ORD0900,2025-11-19,CUST078,Notebook Set,Office Supplies,Central,Consumer,7,450,0.1,2835.0,693.0,Kabir
ORD0901,2025-02-17,CUST002,Premium Pen Set,Office Supplies,East,Small Business,3,700,0.02,2058.0,630.0,Diya
ORD0902,2025-01-02,CUST126,Standing Desk,Furniture,North,Consumer,7,22000,0.1,138600.0,23100.0,Diya
ORD0903,2025-03-24,CUST090,Premium Pen Set,Office Supplies,West,Corporate,2,700,0.02,1372.0,420.0,Diya
ORD0904,2025-11-21,CUST230,Notebook Set,Office Supplies,West,Corporate,5,450,0.0,2250.0,720.0,Rohan
ORD0905,2025-02-28,CUST211,Standing Desk,Furniture,South,Consumer,3,22000,0.02,64680.0,15180.0,Anaya
ORD0906,2025-04-12,CUST183,Notebook Set,Office Supplies,East,Consumer,5,450,0.02,2205.0,675.0,Anaya
ORD0907,2025-07-24,CUST194,Standing Desk,Furniture,Central,Consumer,5,22000,0.02,107800.0,25300.0,Rohan
ORD0908,2025-03-11,CUST051,USB-C Hub,Electronics,North,Small Business,5,3200,0.0,16000.0,2880.0,Anaya
ORD0909,2025-06-01,CUST119,Notebook Set,Office Supplies,East,Consumer,5,450,0.1,2025.0,495.0,Aarav
ORD0910,2025-03-21,CUST066,Notebook Set,Office Supplies,Central,Corporate,6,450,0.0,2700.0,864.0,Meera
ORD0911,2025-01-12,CUST029,Premium Pen Set,Office Supplies,Central,Corporate,2,700,0.1,1260.0,308.0,Diya
ORD0912,2025-10-03,CUST070,Standing Desk,Furniture,South,Consumer,1,22000,0.1,19800.0,3300.0,Kabir
ORD0913,2025-11-10,CUST191,Mechanical Keyboard,Electronics,South,Small Business,2,5500,0.05,10450.0,1430.0,Diya
ORD0914,2025-03-16,CUST191,USB-C Hub,Electronics,South,Small Business,3,3200,0.05,9120.0,1248.0,Aarav
ORD0915,2025-06-02,CUST169,Notebook Set,Office Supplies,Central,Corporate,2,450,0.15,765.0,153.0,Aarav
ORD0916,2025-11-28,CUST120,Mechanical Keyboard,Electronics,Central,Consumer,2,5500,0.15,9350.0,330.0,Rohan
ORD0917,2025-06-03,CUST085,Office Chair,Furniture,South,Corporate,2,12000,0.02,23520.0,5520.0,Aarav
ORD0918,2025-07-30,CUST221,USB-C Hub,Electronics,South,Small Business,3,3200,0.0,9600.0,1728.0,Meera
ORD0919,2025-05-07,CUST232,Monitor 27-inch,Electronics,West,Small Business,3,24000,0.0,72000.0,12960.0,Anaya
ORD0920,2025-07-28,CUST075,Office Chair,Furniture,South,Small Business,3,12000,0.15,30600.0,3600.0,Aarav
ORD0921,2025-03-04,CUST248,Laptop Pro 14,Electronics,East,Small Business,6,85000,0.0,510000.0,91800.0,Kabir
ORD0922,2025-02-04,CUST149,Laptop Pro 14,Electronics,South,Corporate,2,85000,0.1,153000.0,13600.0,Anaya
ORD0923,2025-05-20,CUST172,Premium Pen Set,Office Supplies,North,Consumer,5,700,0.02,3430.0,1050.0,Meera
ORD0924,2025-07-18,CUST060,Premium Pen Set,Office Supplies,West,Small Business,1,700,0.1,630.0,154.0,Kabir
ORD0925,2025-01-18,CUST121,Mechanical Keyboard,Electronics,North,Consumer,3,5500,0.05,15675.0,2145.0,Kabir
ORD0926,2025-03-31,CUST106,Monitor 27-inch,Electronics,East,Small Business,7,24000,0.0,168000.0,30240.0,Rohan
ORD0927,2025-02-25,CUST166,Notebook Set,Office Supplies,South,Consumer,1,450,0.0,450.0,144.0,Rohan
ORD0928,2025-09-25,CUST180,Desk Lamp,Furniture,Central,Consumer,4,2500,0.15,8500.0,1000.0,Rohan
ORD0929,2025-10-03,CUST223,USB-C Hub,Electronics,Central,Small Business,7,3200,0.05,21280.0,2912.0,Rohan
ORD0930,2025-10-20,CUST203,Office Chair,Furniture,Central,Corporate,6,12000,0.05,68400.0,14400.0,Kabir
ORD0931,2025-07-07,CUST170,Wireless Headphones,Electronics,Central,Consumer,5,4500,0.05,21375.0,2925.0,Kabir
ORD0932,2025-10-19,CUST214,Monitor 27-inch,Electronics,Central,Corporate,6,24000,0.1,129600.0,11520.0,Diya
ORD0933,2025-10-04,CUST137,Notebook Set,Office Supplies,Central,Consumer,5,450,0.0,2250.0,720.0,Anaya
ORD0934,2025-07-31,CUST226,Standing Desk,Furniture,North,Small Business,5,22000,0.1,99000.0,16500.0,Anaya
ORD0935,2025-09-22,CUST240,Mechanical Keyboard,Electronics,West,Small Business,2,5500,0.05,10450.0,1430.0,Kabir
ORD0936,2025-03-10,CUST007,Premium Pen Set,Office Supplies,Central,Small Business,2,700,0.05,1330.0,378.0,Meera
ORD0937,2025-09-19,CUST051,Laptop Pro 14,Electronics,South,Small Business,1,85000,0.0,85000.0,15300.0,Anaya
ORD0938,2025-03-15,CUST215,Monitor 27-inch,Electronics,North,Small Business,3,24000,0.05,68400.0,9360.0,Meera
ORD0939,2025-10-02,CUST158,Monitor 27-inch,Electronics,East,Corporate,4,24000,0.0,96000.0,17280.0,Kabir
ORD0940,2025-04-12,CUST004,Standing Desk,Furniture,Central,Consumer,2,22000,0.02,43120.0,10120.0,Aarav
ORD0941,2025-04-30,CUST101,Wireless Headphones,Electronics,North,Consumer,7,4500,0.05,29925.0,4095.0,Diya
ORD0942,2025-10-16,CUST209,Desk Lamp,Furniture,East,Consumer,1,2500,0.05,2375.0,500.0,Kabir
ORD0943,2025-08-19,CUST164,Mechanical Keyboard,Electronics,Central,,5,5500,0.02,26950.0,4400.0,Anaya
ORD0944,2025-10-26,CUST118,Standing Desk,Furniture,West,Corporate,5,22000,0.1,99000.0,16500.0,Kabir
ORD0945,2025-01-29,CUST203,Standing Desk,Furniture,West,Consumer,5,22000,0.1,99000.0,16500.0,Anaya
ORD0946,2025-11-02,CUST070,Premium Pen Set,Office Supplies,Central,Corporate,1,700,0.05,665.0,189.0,Diya
ORD0947,2025-12-05,CUST049,Office Chair,Furniture,Central,Corporate,4,12000,0.1,43200.0,7200.0,Aarav
ORD0948,2025-09-12,CUST004,USB-C Hub,Electronics,South,Small Business,3,3200,0.1,8640.0,768.0,Diya
ORD0949,2025-02-26,CUST026,Laptop Pro 14,Electronics,East,Consumer,1,85000,0.15,72250.0,2550.0,Meera
ORD0950,2025-10-12,CUST162,Notebook Set,Office Supplies,East,Consumer,5,450,0.05,2137.5,607.5,Diya
ORD0951,2025-03-17,CUST020,Wireless Headphones,Electronics,South,Corporate,1,4500,0.02,4410.0,720.0,Diya
ORD0952,2025-02-27,CUST114,Mechanical Keyboard,Electronics,West,Small Business,1,5500,0.0,5500.0,990.0,Meera
ORD0953,2025-10-19,CUST235,Premium Pen Set,Office Supplies,East,Small Business,7,700,0.02,4802.0,1470.0,Aarav
ORD0954,2025-01-23,CUST180,Desk Lamp,Furniture,East,Consumer,4,2500,0.02,9800.0,2300.0,Kabir
ORD0955,2025-04-13,CUST037,USB-C Hub,Electronics,West,Small Business,3,3200,0.0,9600.0,1728.0,Anaya
ORD0956,2025-08-18,CUST027,Premium Pen Set,Office Supplies,East,Corporate,6,700,0.05,3990.0,1134.0,Aarav
ORD0957,2025-07-18,CUST072,Notebook Set,Office Supplies,South,Consumer,6,450,0.02,2646.0,810.0,Diya
ORD0958,2025-08-16,CUST154,Desk Lamp,Furniture,East,Corporate,7,2500,0.1,15750.0,2625.0,Meera
ORD0959,2025-06-21,CUST072,Monitor 27-inch,Electronics,South,Consumer,3,24000,0.05,68400.0,9360.0,Kabir
ORD0960,2025-01-15,CUST191,Monitor 27-inch,Electronics,West,Corporate,5,24000,0.15,102000.0,3600.0,Diya
ORD0961,2025-08-23,CUST129,Office Chair,Furniture,West,Consumer,5,12000,0.15,51000.0,6000.0,Meera
ORD0962,2025-07-05,CUST094,Laptop Pro 14,Electronics,West,Corporate,7,85000,0.15,505750.0,17850.0,Rohan
ORD0963,2025-04-14,CUST133,Notebook Set,Office Supplies,East,Corporate,2,450,0.0,900.0,288.0,Diya
ORD0964,2025-05-23,CUST111,USB-C Hub,Electronics,West,Consumer,3,3200,0.15,8160.0,288.0,Diya
ORD0965,2025-06-09,CUST169,Office Chair,Furniture,West,Corporate,6,12000,0.0,72000.0,18000.0,Aarav
ORD0966,2025-01-11,CUST222,Laptop Pro 14,Electronics,West,Consumer,4,85000,0.15,289000.0,10200.0,Kabir
ORD0967,2025-04-29,CUST070,Mechanical Keyboard,Electronics,East,Consumer,7,5500,0.05,36575.0,5005.0,Diya
ORD0968,2025-06-20,CUST036,Wireless Headphones,Electronics,South,Small Business,5,4500,0.1,20250.0,1800.0,Diya
ORD0969,2025-02-13,CUST146,Wireless Headphones,Electronics,Central,Corporate,1,4500,0.15,3825.0,135.0,Kabir
ORD0970,2025-12-14,CUST036,Mechanical Keyboard,Electronics,North,Small Business,1,5500,0.0,5500.0,990.0,Kabir
ORD0971,2025-11-30,CUST117,Office Chair,Furniture,West,Small Business,6,12000,0.05,68400.0,14400.0,Kabir
ORD0972,2025-01-15,CUST145,Mechanical Keyboard,Electronics,Central,Consumer,7,5500,0.02,37730.0,6160.0,Anaya
ORD0973,2025-04-03,CUST129,Desk Lamp,Furniture,North,Small Business,7,2500,0.05,16625.0,3500.0,Meera
ORD0974,2025-07-10,CUST210,Standing Desk,Furniture,Central,Small Business,4,22000,0.1,79200.0,13200.0,Meera
ORD0975,2025-05-27,CUST218,Monitor 27-inch,Electronics,North,Corporate,3,24000,0.0,72000.0,12960.0,Diya
ORD0976,2025-10-23,CUST190,Standing Desk,Furniture,West,Consumer,2,22000,0.1,39600.0,6600.0,Meera
ORD0977,2025-09-02,CUST025,Wireless Headphones,Electronics,Central,Corporate,3,4500,0.05,12825.0,1755.0,Anaya
ORD0978,2025-10-27,CUST040,Notebook Set,Office Supplies,East,Consumer,4,450,0.1,1620.0,396.0,Kabir
ORD0979,2025-05-22,CUST138,Desk Lamp,Furniture,South,Consumer,7,2500,0.02,17150.0,4025.0,Diya
ORD0980,2025-07-18,CUST097,Standing Desk,Furniture,West,Small Business,4,22000,0.15,74800.0,8800.0,Kabir
ORD0981,2025-11-13,CUST044,Standing Desk,Furniture,South,Consumer,2,22000,0.15,37400.0,4400.0,Anaya
ORD0982,2025-07-24,CUST063,Laptop Pro 14,Electronics,East,Small Business,2,85000,0.02,166600.0,27200.0,Rohan
ORD0983,2025-11-29,CUST164,Laptop Pro 14,Electronics,East,Small Business,1,85000,0.0,85000.0,15300.0,Meera
ORD0984,2025-01-14,CUST152,Mechanical Keyboard,Electronics,East,Consumer,4,5500,0.1,19800.0,1760.0,Diya
ORD0985,2025-08-25,CUST102,Standing Desk,Furniture,East,Small Business,3,22000,0.02,64680.0,15180.0,Aarav
ORD0986,2025-03-09,CUST205,Office Chair,Furniture,North,Consumer,1,12000,0.15,10200.0,1200.0,Meera
ORD0987,2025-11-18,CUST081,Desk Lamp,Furniture,South,Small Business,2,2500,0.02,4900.0,1150.0,Aarav
ORD0988,2025-04-18,CUST029,Desk Lamp,Furniture,East,Corporate,7,2500,0.15,14875.0,1750.0,Anaya
ORD0989,2025-09-18,CUST028,Premium Pen Set,Office Supplies,North,Consumer,7,700,0.1,4410.0,1078.0,Meera
ORD0990,2025-12-12,CUST167,Mechanical Keyboard,Electronics,North,Consumer,7,5500,0.0,38500.0,6930.0,Kabir
ORD0991,2025-02-17,CUST033,Office Chair,Furniture,West,Small Business,3,12000,0.05,34200.0,7200.0,Diya
ORD0992,2025-02-02,CUST106,USB-C Hub,Electronics,East,Corporate,3,3200,0.02,9408.0,1536.0,Aarav
ORD0993,2025-02-22,CUST158,Wireless Headphones,Electronics,Central,Corporate,4,4500,0.0,18000.0,3240.0,Aarav
ORD0994,2025-03-13,CUST145,USB-C Hub,Electronics,North,Corporate,4,3200,0.1,11520.0,1024.0,Diya
ORD0995,2025-02-20,CUST172,USB-C Hub,Electronics,East,Small Business,1,3200,0.1,2880.0,256.0,Meera
ORD0996,2025-06-10,CUST014,Office Chair,Furniture,East,Consumer,1,12000,0.05,11400.0,2400.0,Diya
ORD0997,2025-01-27,CUST109,Laptop Pro 14,Electronics,South,Consumer,3,85000,0.02,249900.0,40800.0,Kabir
ORD0998,2025-12-30,CUST221,Laptop Pro 14,Electronics,Central,Corporate,7,85000,0.05,565250.0,77350.0,Kabir
ORD0999,2025-04-29,CUST002,Monitor 27-inch,Electronics,South,Consumer,1,24000,0.15,20400.0,720.0,Aarav
ORD1000,2025-06-15,CUST180,Premium Pen Set,Office Supplies,South,Consumer,1,700,0.15,595.0,119.0,Diya
ORD0011,2025-10-31,CUST158,USB-C Hub,Electronics,West,Consumer,4,3200,0.0,12800.0,2304.0,Diya
ORD0026,2025-09-13,CUST115,Office Chair,Furniture,South,Small Business,7,12000,0.05,79800.0,16800.0,Anaya
ORD0051,2025-12-21,CUST125,USB-C Hub,Electronics,East,Corporate,6,3200,0.02,18816.0,3072.0,Aarav
